"thriveCatBroader","make","model","raw_n_xthrive","ave_year_xthrive","weighted_n_xthrive","co2_gpm","mpg_city","mpg_highway","weight_unladen"
"Urban","Toyota","Camry",177,2008,32548.36446,355.48,21,31,3362
"Urban","Honda","CR-V",155,2012,22478.05153,348.643846153846,22.4383,29.74665,3426
"Urban","Toyota","Prius",153,2011,21012.03631,185.145833333333,49.3956,45.865,3042
"Urban","Toyota","Corolla",150,2009,20488.86459,325.856666666667,24,32.5,2800
"Urban","Honda","Civic",148,2009,18400.33461,306.448275862069,25,34,2714
"Urban","Toyota","RAV4",111,2012,17626.89741,387.123106060606,20.232175,26.862275,3544.5
"Urban","Subaru","Outback",118,2012,16727.76245,390.061928811929,20.4671,27.389425,3573.5
"Urban","Subaru","Forester",116,2012,16396.16922,386.391304347826,20.8185,26.2183,3360
"Urban","Honda","Accord",111,2008,15626.61184,370.291666666667,21,31,3368
"Urban","Ford","Focus",90,2010,14077.39768,317.392857142857,24,34.5,2623
"Urban","Ford","Escape",93,2013,13150.51804,362,21.5725,29.551025,3618.5
"Urban","Ford","F-150",48,2007,12239.37604,592.466666666667,13,18,5004
"Urban","Hyundai","Sonata",47,2010,11816.87295,355.48,21,32,3327
"Urban","Toyota","Highlander",52,2011,11399.02708,424.152272727273,18.74755,24.4353,4365
"Urban","Subaru","Impreza",72,2014,10410.75771,374.75,21.550975,28.587425,NA
"Urban","Honda","Odyssey",45,2009,10337.50229,469.036111111111,16.5,24,4524.5
"Urban","Chevrolet","Silverado",43,2009,10002.02762,522.764705882353,15,20,5840
"Urban","Ford","Fusion",62,2013,9513.76859,269.5,31.87595,35.436,3523
"Urban","Jeep","Grand Cherokee",51,2011,9399.35312,493.722222222222,16.02875,22.414,4780
"Urban","Nissan","Altima",43,2010,9267.4211,386.391304347826,20,27,3139.5
"Urban","Chrysler","Town & Country",40,2008,9220.64551,480.729532163743,16.5,23.5,4507
"Urban","Hyundai","Elantra",50,2011,9060.58337,277.71875,28,38,2661
"Urban","Mazda","Mazda3",87,2013,8724.285,303.5,25.7117,34.638,2896
"Urban","BMW","3 Series",31,2010,8678.01177,444.35,17,26,3649
"Urban","Chevrolet","Malibu",49,2009,8601.71247,386.391304347826,19,29,3486.5
"Urban","Chevrolet","Equinox",54,2014,8210.65606,403.75,18.961675,26.6596,3829
"Urban","Toyota","Sienna",48,2010,7104.41892,480.729532163743,16.5,22,4412.5
"Urban","Honda","Pilot",27,2010,7020.90428,480.729532163743,16.5,22.5,4504
"Urban","Ford","Explorer",27,2007,6898.94201,NA,NA,NA,NA
"Urban","Nissan","Sentra",22,2012,6862.21478,341.807692307692,23.7023,30.0022,2961
"Urban","Nissan","Rogue",42,2015,6379.50459,343,23.7454,29.40355,3427.5
"Urban","Volkswagen","Jetta",57,2011,6195.06204,316.5,24.02725,33.18715,3185.5
"Urban","Kia","Soul",37,2014,6102.11408,338,23.5971,29.5912,2879
"Urban","Honda","Fit",79,2012,5878.8269,296.233333333333,27,33,2540
"Urban","MINI","Cooper",19,2012,5842.83472,286.976041666667,28.2992,35.45455,2811
"Urban","Jeep","Cherokee",26,2013,5638.0571,NA,NA,NA,NA
"Urban","Dodge","Grand Caravan",29,2010,5558.96369,467.736842105263,17,24,4321
"Urban","Buick","LeSabre",23,2003,4962.91059,423.190476190476,17,27,3567
"Urban","Ford","Edge",29,2012,4897.28242,429.998983253589,18.14185,25.494675,4258
"Urban","Toyota","Tacoma",25,2011,4839.1775,469.592940685046,17.461775,21.596,3762.5
"Urban","Ford","Taurus",28,2004,4278.30016,444.35,17,25,3401.5
"Urban","Volkswagen","Passat",23,2011,4168.7421,NA,NA,NA,NA
"Urban","Subaru","Crosstrek",28,2018,4154.78851,327,24.70375,30.8777,3209
"Urban","Chevrolet","Suburban",15,2002,4037.72491,646.993131868132,12.5,16.25,5123
"Urban","Mazda","Mazda6",25,2011,3997.09602,370.291666666667,21.1786,29.6545,3423
"Urban","Subaru","Legacy",29,2012,3924.49877,413.572510822511,18.7958,25.43855,3467
"Urban","Chevrolet","Impala",31,2009,3851.02631,413.572510822511,17.5,28,3649
"Urban","Mazda","CX-5",32,2016,3822.07795,324,24.967925,31.277825,3415
"Urban","Nissan","Murano",14,2013,3750.91329,NA,NA,NA,NA
"Urban","Hyundai","Santa Fe",24,2012,3745.78695,403.954545454545,19.76735,25.395625,3902
"Urban","Toyota","Yaris",16,2009,3705.85208,282.198084677419,29,35.5,2302
"Urban","Acura","MDX",13,2010,3626.37918,493.722222222222,16,21,4576.5
"Urban","Chrysler","Pacifica",9,2012,3551.0044,NA,NA,NA,NA
"Urban","Toyota","Matrix",16,2007,3536.9041,317.798212005109,25.5,32,2679
"Urban","Pontiac","Vibe",25,2006,3442.91213,329.148148148148,25,31,2780
"Urban","Chevrolet","Cruze",23,2014,3396.41609,309,25.6879,36.453,3102
"Urban","Mercedes-Benz","E",6,2008,3370.0953,NA,NA,NA,3980
"Urban","GMC","Sierra",12,2008,3277.61488,NA,NA,NA,NA
"Urban","Ford","Ranger",33,2002,3244.40464,522.764705882353,15,20,3459
"Urban","Volvo","XC90",13,2012,3153.52508,NA,NA,NA,NA
"Urban","Toyota","Other",10,2010,3081.89139,NA,NA,NA,NA
"Urban","Subaru","XV Crosstrek",19,2014,3066.49606,313.75,26.38985,31.40425,3164
"Urban","Lexus","RX",24,2010,2968.78539,296.233333333333,32,28,4510
"Urban","Lexus","RX",24,2010,2968.78539,433.770238095238,18,24.5,4510
"Urban","Volvo","V70",7,2002,2874.85832,NA,NA,NA,NA
"Urban","Hyundai","Tucson",14,2014,2859.70233,380.25,21.04895,26.593725,3197
"Urban","Mitsubishi","Outlander",11,2012,2839.67937,367.598636363636,21.723225,27.203,3600
"Urban","Chrysler","PT Cruiser",10,2004,2822.17778,NA,NA,NA,NA
"Urban","Kia","Optima",15,2013,2775.32931,326,23.5267,33.65,3223
"Urban","Ram","1500",11,2017,2713.64524,475.5,16.195025,23.202,5154.5
"Urban","GMC","Terrain",12,2014,2696.25063,403.75,18.961675,26.6596,4040
"Urban","Lincoln","Town Car",5,2002,2618.42803,NA,NA,NA,NA
"Urban","Volkswagen","Golf",16,2010,2582.1859,NA,NA,NA,NA
"Urban","Chevrolet","Sonic",16,2014,2569.40394,300,26.4099,34.8856,2745
"Urban","Mercedes-Benz","M",6,2010,2552.24628,NA,NA,NA,NA
"Urban","Saturn","S Series",10,1999,2538.13842,329.148148148148,23,33.5,2418
"Urban","Cadillac","CTS",5,2012,2535.969,467.736842105263,16.0395,25.5028,3883.5
"Urban","Saturn","Ion",16,2005,2518.96465,370.291666666667,21,29,2793
"Urban","Jeep","Patriot",11,2012,2464.31172,374.63856884058,21.658225,26.4328,3236
"Urban","Audi","A4",16,2010,2461.72631,341.807692307692,23,30,3660
"Urban","Nissan","LEAF",17,2015,2445.56086,0,NA,NA,3256
"Urban","Volkswagen","Golf Alltrack",7,2017,2418.8901,350.5,22.00955,30.86315,3329.5
"Urban","Kia","Sorento",17,2013,2397.49564,397.25,20.255525,26.6766,3878
"Urban","Kia","Forte",12,2015,2319.48637,303,25.2036,36.2115,2857.5
"Urban","Mazda","CX-9",6,2010,2294.15078,508.243464052288,15.5,21.5,4438
"Urban","GMC","Yukon XL",6,2010,2284.41798,NA,NA,NA,NA
"Urban","Chevrolet","TrailBlazer",11,2005,2268.78232,573.952083333333,13.5,18.75,4773
"Urban","Nissan","Versa",9,2010,2205.49892,NA,NA,NA,NA
"Urban","Kia","Rio",11,2011,2195.79084,296.233333333333,27.32605,34.00655,2401.5
"Urban","Honda","HR-V",16,2017,2104.88671,301.5,27.36275,32.50945,3062
"Urban","Jeep","Wrangler Unlimited",8,2013,2080.3036,503,15.8405,20.40205,4459
"Urban","Saturn","VUE",14,2006,2066.69032,433.770238095238,18.5,25,3388
"Urban","Nissan","Pathfinder",9,2011,2049.03935,NA,NA,NA,NA
"Urban","Acura","RDX",8,2014,1996.31977,394,19.65805,27.25865,4850
"Urban","Ford","C-Max Hybrid",6,2014,1993.85926,NA,NA,NA,NA
"Urban","Toyota","Prius v",18,2014,1950.9542,217,42.5946,38.7724,3274
"Urban","Mercury","Mountaineer",5,2004,1914.04863,583.209375,13.5,18.25,4329.5
"Urban","Fiat","500",5,2014,1908.6301,NA,NA,NA,NA
"Urban","GMC","Acadia",9,2013,1898.68128,475.5,16.17865,23.07755,4857
"Urban","Dodge","Caravan",13,2002,1898.17427,500.982843137255,15.5,21.5,3766
"Urban","Dodge","Dakota",8,2002,1874.867,604.368898809524,13.25,17.25,3861
"Urban","Jeep","Wrangler",13,2005,1862.33138,592.466666666667,13,17,3328
"Urban","Volkswagen","New Beetle",9,2002,1857.69482,370.291666666667,21,28,2874
"Urban","Nissan","Maxima",9,2010,1840.38314,403.954545454545,19,26,3556
"Urban","Jeep","Compass",11,2015,1826.9634,376,21.461925,27.113575,3226
"Urban","Chevrolet","Traverse",8,2014,1821.34081,470.5,16.3669,23.31,4758.5
"Urban","Mitsubishi","Outlander Sport",11,2015,1811.50325,343.5,23.425725,28.602775,3131
"Urban","Kia","Sedona",5,2011,1798.44114,423.190476190476,18.117,24.4967,4387
"Urban","Volkswagen","GTI",11,2015,1789.3987,315,24.77645,33.45375,3020
"Urban","Toyota","Prius c",18,2014,1782.20327,178,52.5854,46.3205,2500
"Urban","Volvo","S60",10,2011,1760.73262,NA,NA,NA,NA
"Urban","Audi","A6",5,2009,1756.85389,NA,NA,NA,NA
"Urban","Nissan","Frontier",7,2012,1755.85787,517.175938467492,15.6304,20.211925,4294
"Urban","Lincoln","MKZ",7,2012,1729.2073,423.190476190476,17.8951,26.5822,3752
"Urban","Hyundai","Azera",4,2008,1718.47635,433.770238095238,17.5,26,3629
"Urban","Volvo","XC70",7,2008,1650.03986,522.764705882353,15,22,4092
"Urban","Kia","Sportage",16,2013,1614.61223,NA,NA,NA,NA
"Urban","Acura","RSX",3,2003,1613.93999,NA,NA,NA,NA
"Urban","Dodge","Charger",7,2012,1598.84132,NA,NA,NA,NA
"Urban","Buick","LaCrosse",15,2012,1591.57469,423.190476190476,17.4131,26.6419,3940
"Urban","Mercedes-Benz","C",10,2010,1579.54044,NA,NA,NA,NA
"Urban","Chrysler","Sebring",10,2004,1556.58575,423.190476190476,18,26,3167
"Urban","Mazda","MX-5 Miata",8,1997,1554.49887,NA,NA,NA,NA
"Urban","Honda","Ridgeline",8,2012,1532.31723,NA,NA,NA,NA
"Urban","Volkswagen","Tiguan",18,2015,1471.56904,393,20.5204,25.5684,3316
"Urban","Kia","Niro",7,2018,1441.13509,183,50.8864,46.2675,3199
"Urban","Saab","9-3",4,2006,1403.16359,NA,NA,NA,NA
"Urban","Buick","Regal",7,2008,1377.40061,NA,NA,NA,NA
"Urban","Buick","Encore",4,2016,1377.24386,308.5,26.2152,33.171,3358
"Urban","Lexus","ES",13,2006,1368.0829,423.190476190476,18,27,3472
"Urban","Audi","A3",7,2014,1362.1649,NA,NA,NA,NA
"Urban","Buick","Verano",4,2014,1359.42005,372,20.5296,30.5383,3300
"Urban","Chevrolet","Colorado",8,2015,1353.939,434.5,18.00475,24.2007,4140
"Urban","Ford","Expedition",2,2004,1352.45848,636.41336996337,12.5,16.75,5366.5
"Urban","Chevrolet","Tahoe",10,2005,1350.20276,592.466666666667,13,18,5083.5
"Urban","Dodge","Dart",8,2014,1348.88421,327,23.6998,34.2642,3186
"Urban","Chevrolet","Volt",8,2014,1340.40875,81,34.9,39.7,3781
"Urban","Acura","TL",10,2007,1324.84751,423.190476190476,18,26,3623
"Urban","Pontiac","G6",6,2008,1282.37507,444.35,17,26,3457
"Urban","Toyota","Avalon",17,2006,1266.56093,386.391304347826,20,28,3490
"Urban","Hyundai","Accent",7,2014,1258.3967,287,26.77155,36.39185,2413
"Urban","Mazda","Mazda5",7,2008,1249.66985,378.341485507246,21.5,27.5,3417
"Urban","Dodge","Journey",4,2015,1185.0664,454.25,16.9057,24.363,4025
"Urban","BMW","5 Series",8,2006,1179.20479,NA,NA,NA,NA
"Urban","Dodge","Ram Pickup",8,2000,1177.24088,659.200549450549,12,17,5143
"Urban","Cadillac","Escalade ESV",2,2009,1170.18084,NA,NA,NA,NA
"Urban","Saturn","L Series",8,2002,1161.69836,370.291666666667,21,29.5,3070
"Urban","Jeep","Liberty",11,2008,1154.96578,494.486498108015,15.75,21.75,4168
"Urban","Nissan","Juke",4,2012,1153.38776,317.798212005109,25.8965,30.93165,3146
"Urban","BMW","i3",2,2015,1142.61698,0,NA,NA,2716.5
"Urban","Nissan","Xterra",6,2008,1128.57052,NA,NA,NA,NA
"Urban","Ford","Mustang",4,2008,1103.55629,493.722222222222,15,23,3450
"Urban","BMW","X1",6,2016,1069.52848,349,21.9462,31.166,3660
"Urban","Dodge","Durango",9,2009,1061.83811,NA,NA,NA,NA
"Urban","Toyota","4Runner",14,2008,1061.55625,532.929575163399,15.25,19.25,4300
"Urban","Buick","Rainier",3,2006,1057.36641,547.269301470588,14,20,4600
"Urban","Saturn","Aura",5,2008,1056.91264,403.954545454545,18,29,3529
"Urban","Infiniti","G37x",3,2012,1053.3707,444.35,17.767,25.0032,NA
"Urban","Dodge","Challenger",3,2016,1052.12351,NA,NA,NA,NA
"Urban","Tesla","Model 3",4,2018,1050.28103,0,NA,NA,3810.5
"Urban","Chevrolet","Bolt",3,2018,1050.19478,0,NA,NA,3563
"Urban","Geo","Prizm",3,1996,1036.9857,335.47792022792,24,31,2364.5
"Urban","Chevrolet","Corvette",3,1998,1034.8845,480.729532163743,15.5,24,3245.5
"Urban","Audi","TT",5,2007,1033.9344,NA,NA,NA,NA
"Urban","Kia","Spectra",5,2007,1033.65767,341.807692307692,23,31,2701
"Urban","Lexus","LX",2,2006,1020.90432,NA,NA,NA,NA
"Urban","Chevrolet","Cobalt",12,2008,1010.12057,341.807692307692,22,31,3103.5
"Urban","Honda","Accord Hybrid",5,2016,1010.0995,NA,NA,NA,NA
"Urban","Lincoln","MKX",2,2014,1004.86581,NA,NA,NA,NA
"Urban","Dodge","Other",5,2015,997.66718,NA,NA,NA,NA
"Urban","Chevrolet","HHR",7,2008,989.94098,370.291666666667,21,29,3067
"Urban","Chevrolet","Uplander",2,2006,973.08644,495.250773993808,15.5,22,4470
"Urban","Pontiac","Grand Am",4,2004,972.41121,355.48,21,31,3091
"Urban","Volkswagen","Other",2,2018,972.13,NA,NA,NA,NA
"Urban","Mercedes-Benz","CLA",1,2018,969.87502,NA,NA,NA,3280.5
"Urban","Pontiac","Bonneville",1,1997,969.87502,456.043421052632,16.5,26,3491
"Urban","Plymouth","Breeze",2,1997,968.70124,357.769726247987,21,31.5,2909
"Urban","Toyota","Scion iQ",1,2012,967.44819,240.189189189189,36,37.4,2127
"Urban","Toyota","Camry Solara",4,2004,961.84248,NA,NA,NA,NA
"Urban","Oldsmobile","Intrigue",2,2000,955.1688,444.35,17,26,3455
"Urban","Mazda","CX-3",2,2018,954.86151,299,27.59975,32.77075,2880.5
"Urban","Kia","Forte Koup",1,2011,951.60181,335.47792022792,23.5823,31.60335,NA
"Urban","Lexus","GS",8,2008,950.92658,NA,NA,NA,NA
"Urban","Chevrolet","Cavalier",2,1996,946.99395,NA,NA,NA,NA
"Urban","BMW","7 Series",2,2004,945.51152,NA,NA,NA,NA
"Urban","Chrysler","300M",2,2003,944.65641,NA,NA,NA,3503
"Urban","Subaru","B9 Tribeca",2,2006,938.91801,493.722222222222,16,21,4245
"Urban","Chevrolet","G30",1,1994,934.19937,651.570913461539,12.25,17,4206
"Urban","Ford","Five Hundred",3,2006,926.50523,450.753540100251,17.75,24.25,3739
"Urban","Chevrolet","Malibu Maxx",2,2006,917.48552,435.845693779904,18,26,NA
"Urban","Audi","Q5",6,2016,913.52234,395,19.6583,27.2277,4200
"Urban","BMW","Z4",1,2007,906.1078,423.190476190476,18,28,3086
"Urban","Infiniti","FX45",1,2006,906.1078,592.466666666667,13,17,4391
"Urban","Chevrolet","Other",3,1998,899.86992,NA,NA,NA,NA
"Urban","Rolls Royce","Silver Seraph",1,1999,898.24024,NA,NA,NA,NA
"Urban","Pontiac","G5",1,2007,897.95342,362.885833333333,21.5,30,2991
"Urban","Volkswagen","Golf SportWagen",5,2016,896.35621,311.5,24.9253,34.3557,3025.5
"Urban","Mitsubishi","Diamante",1,2002,895.9027,493.722222222222,16,23,3494
"Urban","GMC","Sierra Limited",1,2019,884.91537,NA,NA,NA,5229
"Urban","Land Rover","LR2",2,2011,878.01638,NA,NA,NA,NA
"Urban","Ford","C-Max Energi",2,2014,867.1831,NA,NA,NA,NA
"Urban","Buick","Lucerne",8,2008,866.20889,493.722222222222,15,23,3792
"Urban","Mercury","Milan",3,2009,864.88377,386.391304347826,20,28,3211
"Urban","Isuzu","Rodeo",1,2001,861.06001,530.932904411765,15,19.5,3856
"Urban","Nissan","350Z",1,2006,861.06001,NA,NA,NA,3459.5
"Urban","Chevrolet","K30",1,1981,858.72034,NA,NA,NA,4262.5
"Urban","Buick","Park Avenue",5,1999,854.88737,456.043421052632,16.5,25,3831
"Urban","Oldsmobile","Aurora",1,1998,836.73853,493.722222222222,15,23,3967
"Urban","Porsche","Cayenne",1,2009,829.18545,555.4375,14,20,4927
"Urban","Toyota","Scion xD",1,2012,829.18545,306.448275862069,26.58165,32.56875,2624
"Urban","Volkswagen","Atlas",1,2019,829.18545,424,18.5831,24.82075,4452.5
"Urban","Nissan","Other",1,2018,817.8591,NA,NA,NA,NA
"Urban","Nissan","Titan",1,2008,785.39597,634.785714285714,12,17,5118
"Urban","MINI","Cooper Countryman",5,2013,773.88491,NA,NA,NA,NA
"Urban","Lexus","IS",4,2009,763.01206,396.741071428571,19.5,27.5,3527
"Urban","GMC","Yukon",6,2006,761.64396,634.785714285714,13,17,5210
"Urban","Ford","Crown Victoria",4,2008,749.39883,493.722222222222,15,23,NA
"Urban","Pontiac","Aztek",2,2004,721.07858,469.036111111111,16.5,23,3779
"Urban","Ford","Flex",2,2014,720.78403,453.75,17.148325,23.7468,4557
"Urban","Ford","Fiesta",12,2014,714.66811,293,27.19595,35.3626,2578
"Urban","Volkswagen","Beetle",4,2013,693.93,352.5,22.1533,30.19005,3164
"Urban","Hyundai","Elantra Coupe",1,2014,689.73436,322,23.6431,33.3046,2861
"Urban","Mitsubishi","Mirage",1,2017,684.64059,234,35.02385,41.7499,2117
"Urban","Chrysler","300C",3,2008,681.878,NA,NA,NA,NA
"Urban","BMW","X3",6,2013,673.27291,394,20.0147,26.6404,4167
"Urban","Cadillac","SRX",1,2005,671.55104,548.358394607843,14.25,20.25,4233
"Urban","GMC","Suburban",3,1996,662.15543,NA,NA,NA,NA
"Urban","Ford","LTD Crown Victoria",1,1989,661.11118,564.253968253968,13,19.5,NA
"Urban","Mercedes-Benz","S",1,2005,653.43875,NA,NA,NA,4300
"Urban","Hyundai","Entourage",1,2008,653.02498,493.722222222222,16,23,4400
"Urban","Mazda","Other",2,2004,648.85202,NA,NA,NA,NA
"Urban","Chevrolet","Astro",1,2002,639.82004,573.952083333333,14,18,4253.5
"Urban","Pontiac","Other",2,2009,632.57576,NA,NA,NA,NA
"Urban","Cadillac","Fleetwood",1,1994,626.98081,493.722222222222,15,23,4478
"Urban","Mercedes-Benz","GLA",2,2018,626.50948,NA,NA,NA,3366
"Urban","Hyundai","Elantra Touring",3,2010,622.29681,341.807692307692,23,30.5,2937
"Urban","Toyota","Pickup",1,1994,620.70159,NA,NA,NA,3345
"Urban","Toyota","Tundra",9,2006,616.31565,NA,NA,NA,NA
"Urban","Mazda","B-Series",1,2000,603.07911,NA,NA,NA,NA
"Urban","Volkswagen","City Golf",1,2008,586.9827,NA,NA,NA,NA
"Urban","Mercury","Sable",8,2003,584.55064,423.190476190476,18,25,3441.5
"Urban","Mercedes-Benz","190",3,1992,578.13835,NA,NA,NA,NA
"Urban","Ford","Windstar",2,2000,576.66186,515.50408496732,15.25,21,3910
"Urban","Toyota","Scion xB",10,2007,568.98995,NA,NA,NA,NA
"Urban","Infiniti","QX80",1,2014,562.92867,562,13.63315,19.80675,5755.5
"Urban","Pontiac","Fiero",2,1987,559.46204,419.014254385965,18.5,27.5,2556.5
"Urban","Dodge","Stratus",7,2005,543.62968,423.190476190476,18,26,3131.5
"Urban","Honda","Other",9,2009,541.12788,NA,NA,NA,NA
"Urban","Mercury","Mariner",7,2009,540.69736,361.091873706004,24,27,3526
"Urban","Infiniti","I30",1,1999,517.67066,423.190476190476,18.5,24.5,3035
"Urban","Hyundai","Genesis Coupe",1,2011,509.0726,415.370652173913,18.55205,27.9203,3341.5
"Urban","Volvo","XC60",8,2013,499.57798,428.25,18.039225,24.358825,4171
"Urban","Cadillac","CT6",1,2017,490.3983,359,21.5537,30.2223,4085
"Urban","Nissan","370Z",1,2009,490.3983,NA,NA,NA,3232
"Urban","Toyota","Venza",7,2012,483.13463,NA,NA,NA,NA
"Urban","Plymouth","Neon",1,1996,477.53276,336.436428571429,23,32.5,2381
"Urban","Honda","Element",12,2007,468.28479,428.961255411255,18.75,23.75,3573.5
"Urban","Infiniti","EX35",1,2008,465.83813,467.736842105263,16.5,23.5,3833.5
"Urban","Chevrolet","Monte Carlo",4,2002,454.18914,424.152272727273,18,28,3367.5
"Urban","Chevrolet","Spark",5,2014,444.42123,267,30.5143,37.68385,2303
"Urban","Cadillac","Deville",4,2001,437.81498,NA,NA,NA,NA
"Urban","Volvo","S80",3,2009,425.92898,NA,NA,NA,NA
"Urban","Pontiac","Grand Prix",6,2006,425.27025,444.35,17,26,3484
"Urban","Saab","9-5",3,2004,424.38034,433.770238095238,17.5,26.5,NA
"Urban","Tesla","Model S",2,2016,419.2246,0,NA,NA,4647
"Urban","Volvo","V70 XC",2,2001,416.39064,493.722222222222,16,21,NA
"Urban","Volkswagen","Rabbit",6,2008,415.97215,370.291666666667,21.5,29,3056.5
"Urban","Buick","Enclave",3,2010,414.25545,480.729532163743,16.5,23,4880
"Urban","Chevrolet","Silverado Classic",1,2007,410.28797,555.4375,14.5,18.5,NA
"Urban","Dodge","Caliber",3,2008,403.944,370.291666666667,23,27,3156
"Urban","Hyundai","Elantra GT",7,2015,403.89154,NA,NA,NA,NA
"Urban","Mazda","626",3,1999,403.69803,NA,NA,NA,NA
"Urban","Mercury","Grand Marquis",4,2003,396.31852,NA,NA,NA,NA
"Urban","Infiniti","QX60",2,2016,396.20033,364.5,22.8008,27.25915,4392.5
"Urban","Land Rover","Range Rover",1,2002,391.24913,740.583333333333,11,14,4960
"Urban","Dodge","Intrepid",4,2000,382.6014,433.770238095238,17.5,26,3403
"Urban","Chrysler","Concorde",4,2000,372.99327,433.770238095238,17.5,26,3438
"Urban","Cadillac","STS",2,2006,351.81823,NA,NA,NA,NA
"Urban","Volvo","S90",1,2018,340.66072,322,23.808,33.3,4091
"Urban","Ford","Escort",8,1998,335.31669,336.436428571429,23,32.5,2473
"Urban","GMC","Safari",1,1997,333.8729,555.4375,15,20,4198
"Urban","Toyota","Celica",2,1994,332.6047,NA,NA,NA,NA
"Urban","Chevrolet","Avalanche",4,2004,314.13917,634.785714285714,13,17,5678
"Urban","GMC","Envoy",3,2004,304.24623,564.694791666667,13.75,18.5,4851
"Urban","Buick","Rendezvous",6,2005,300.4081,480.729532163743,16.25,23.25,4272
"Urban","Chevrolet","Blazer",2,2000,299.36662,541.097773692811,14.25,18.75,3759.5
"Urban","Ford","Other",2,2000,287.27499,NA,NA,NA,NA
"Urban","Oldsmobile","Alero",4,2002,265.69254,370.291666666667,21,30,3018.5
"Urban","Toyota","Prius Plug-In",5,2015,251.54966,NA,NA,NA,3165
"Urban","Acura","TSX",6,2010,249.96417,386.391304347826,20,28,3470
"Urban","Subaru","Other",2,2000,244.66028,NA,NA,NA,NA
"Urban","Chevrolet","Express",2,2008,243.31443,634.785714285714,12,16,5642
"Urban","Ford","Freestyle",1,2007,241.39731,456.043421052632,17.5,23.5,3737
"Urban","Saturn","Astra",1,2008,238.03038,329.148148148148,24,31,2877
"Urban","Saturn","Outlook",2,2008,234.61348,480.729532163743,16,23,4722
"Urban","Infiniti","G35",2,2005,231.07567,467.736842105263,16,23,3360
"Urban","Mercedes-Benz","GL",2,2014,221.80472,NA,NA,NA,5522.5
"Urban","Jaguar","S-Type",1,2004,220.70997,467.736842105263,16,24,3874
"Urban","Buick","Century",5,2002,220.46347,423.190476190476,18,26,3368
"Urban","Toyota","Scion iM",1,2016,220.40137,288.5,27.6363,35.42265,2943
"Urban","Chevrolet","S10",5,1997,219.95815,497.572261996904,16,22,NA
"Urban","Kia","Rondo",3,2008,218.02435,413.572510822511,18.5,26,3388
"Urban","Volvo","V90",1,1998,217.67895,493.722222222222,16,23,3609
"Urban","Volvo","S40",5,2005,216.32731,424.152272727273,18.25,26,3251.5
"Urban","Lexus","NX",3,2018,207.51968,283,32.6423,29.681,4050
"Urban","Lexus","NX",3,2018,207.51968,360,22.3325,27.9941,4050
"Urban","GMC","Canyon",5,2009,203.74854,NA,NA,NA,NA
"Urban","Mitsubishi","Galant",4,2004,196.26551,NA,NA,NA,NA
"Urban","Mitsubishi","Lancer Evolution",1,2005,187.63821,467.736842105263,17,23.5,NA
"Urban","Acura","TLX",4,2016,183.9657,NA,NA,NA,NA
"Urban","Honda","Insight",4,2010,183.58871,216.756097560976,40,43,2725
"Urban","GMC","Other",2,1992,168.78565,NA,NA,NA,NA
"Urban","Ford","F-250",4,2010,168.48796,NA,NA,NA,6052
"Urban","Chevrolet","Aveo",4,2006,168.38206,NA,NA,NA,NA
"Urban","Toyota","FJ Cruiser",4,2009,167.917,NA,NA,NA,NA
"Urban","Chrysler","200",4,2014,166.76883,380,19.6583,29.0835,3389
"Urban","Mercury","Montego",1,2007,166.63036,445.46365914787,18,24.5,3737.5
"Urban","Mazda","Mazda2",4,2012,166.48412,291.455376344086,28.4808,33.6183,2306
"Urban","GMC","K1500",1,1986,165.03191,NA,NA,NA,3871
"Urban","Infiniti","G25x",1,2012,159.21867,403.954545454545,19.4394,26.8407,NA
"Urban","Mazda","Tribute",3,2003,156.44175,447.151021493127,18,23,3373.5
"Urban","Ford","Freestar",3,2005,156.4171,493.722222222222,16,21.5,4177.5
"Urban","Oldsmobile","Eighty Eight",2,1998,154.28349,NA,NA,NA,NA
"Urban","Nissan","Quest",3,2013,152.8326,421,19.0424,24.5382,4264
"Urban","Infiniti","G37",2,2011,149.95364,444.35,17.7302,24.9966,3661
"Urban","BMW","X5",3,2013,146.99921,512.5,14.9384,21.7037,5280
"Urban","Chevrolet","Impala Limited",3,2014,146.40435,410,17.821,29.1471,3602
"Urban","Hyundai","Genesis",3,2012,145.67411,444.35,16.978,25,4024
"Urban","Nissan","Versa Note",4,2015,138.21124,NA,NA,NA,2407
"Urban","Volkswagen","CC",3,2014,132.72676,NA,NA,NA,NA
"Urban","Audi","Q3",3,2018,132.30553,380,20.2697,28.2208,3825
"Urban","Jeep","Renegade",3,2016,119.27678,349.5,22.6312,30.147225,3267.5
"Urban","BMW","M3",1,2020,116.68833,354.5,21.90335,29.95395,3908.5
"Urban","Buick","Envision",1,2018,111.50623,373.75,21.315,27.8127,3929
"Urban","Ford","Econoline",2,2000,109.28804,592.466666666667,12,16.5,5378
"Urban","Dodge","Magnum",2,2006,109.11843,444.35,17,24,4069
"Urban","Volkswagen","e-Golf",1,2016,107.88714,0,NA,NA,3399.5
"Urban","Ford","F-350",4,2010,106.14151,NA,NA,NA,6425
"Urban","Lincoln","MKC",2,2015,105.7671,403.25,19.30425,27.349775,3791
"Urban","Mercedes-Benz","400",1,1995,102.54156,NA,NA,NA,NA
"Urban","MINI","Other",2,2014,101.52419,NA,NA,NA,NA
"Urban","Volvo","V60",2,2016,99.49676,NA,NA,NA,NA
"Urban","Suzuki","Other",2,2005,99.1383,NA,NA,NA,NA
"Urban","Ford","Econoline Wagon",2,2001,98.69342,NA,NA,NA,NA
"Urban","Alfa Romeo","Giulia",2,2018,98.67158,390.5,20.3117,28.51435,3632
"Urban","Ford","Thunderbird",2,1993,98.17489,NA,NA,NA,NA
"Urban","Lexus","CT",2,2015,98.12552,NA,NA,NA,NA
"Urban","Saab","900",2,1990,98.11239,423.190476190476,18,26,2861
"Urban","Hyundai","Other",2,2016,97.92079,NA,NA,NA,NA
"Urban","BMW","Z3",2,1999,97.62883,NA,NA,NA,NA
"Urban","Volkswagen","EuroVan",2,2002,97.62883,NA,NA,NA,NA
"Urban","Saab","9-2X",2,2005,97.61317,NA,NA,NA,NA
"Urban","GMC","Jimmy",2,2000,97.17868,541.097773692811,14.25,18.75,3737
"Urban","Chevrolet","Classic",2,2004,97.13214,355.48,21,31,3106
"Urban","Infiniti","Other",1,2016,90.93763,NA,NA,NA,NA
"Urban","Mitsubishi","Eclipse Spyder",1,2008,89.35486,435.845693779904,17.5,25.5,NA
"Urban","Acura","ILX",1,2016,88.46396,309,25.1342,34.8146,3103
"Urban","Porsche","Cayman",2,2006,84.70818,423.190476190476,18,25.5,2965
"Urban","Volkswagen","Touareg",2,2016,84.39231,448,18.94185,25.437,4751
"Urban","Nissan","Armada",2,2008,84.37196,NA,NA,NA,NA
"Urban","Chevrolet","Captiva",2,2012,84.22551,460.393147724383,17.3352,24.0324,4575
"Urban","Dodge","Neon",2,2001,84.15411,NA,NA,NA,NA
"Urban","Dodge","Avenger",2,2012,83.8382,NA,NA,NA,NA
"Urban","Volvo","240",2,1990,83.78334,433.770238095238,18,24,2985
"Urban","Chevrolet","Venture",2,2004,83.25558,469.036111111111,16.5,23,3838
"Urban","Chevrolet","Trax",2,2017,83.11448,313,25.4114,32.7237,3208
"Urban","Mitsubishi","Lancer",2,2006,83.06794,370.935652173913,21,28,3070.5
"Urban","Suzuki","Kizashi",2,2012,82.98169,362.885833333333,21.6497,29.33425,3329
"Urban","Volvo","850 Series",2,1996,82.96809,NA,NA,NA,NA
"Urban","Suzuki","SX4 Crossover",2,2010,82.93515,NA,NA,NA,NA
"Urban","Chrysler","LHS",1,1997,79.95034,467.736842105263,16,24,3527
"Urban","Audi","RS7",1,2016,78.19467,NA,NA,NA,4440
"Urban","Oldsmobile","Toronado",1,1992,77.45666,467.736842105263,16,24,3354
"Urban","GMC","Envoy XL",1,2002,75.18917,573.952083333333,14,19,NA
"Urban","Ford","Ecosport",1,2018,73.43668,NA,NA,NA,3190
"Urban","Chevrolet","K1500",1,1998,69.3154,634.785714285714,12,17,NA
"Urban","Cadillac","Eldorado",1,1996,63.65799,493.722222222222,15,24,3796
"Urban","Toyota","Land Cruiser",1,1997,55.90552,683.615384615385,12,14,4751
"Urban","Kia","Forte5",1,2017,55.1792,NA,NA,NA,NA
"Urban","Chrysler","Lebaron",1,1990,53.47966,NA,NA,NA,2891.5
"Urban","Plymouth","Sundance",1,1991,52.79231,403.954545454545,20,25.5,2551
"Urban","Ford","E-350",1,2003,52.3888,NA,NA,NA,NA
"Urban","Volvo","C70",1,2002,52.35612,428.480357142857,18,25.25,3668
"Urban","Chevrolet","Lumina",1,1995,51.80869,469.036111111111,16.5,24,3372
"Urban","Hyundai","Tiburon",1,2005,51.0293,444.35,17,24,2977.5
"Urban","Hyundai","Kona",1,2018,50.68337,313.25,26.606,31.3729,3073.5
"Urban","Cadillac","ATS",1,2016,50.51046,363.5,21.13905,29.9308,3542
"Urban","GEM","Other",1,2013,50.40855,NA,NA,NA,NA
"Urban","BMW","2 Series",1,2017,50.39701,325,23.435,33.2185,3581.5
"Urban","Cadillac","Seville",1,1995,50.38944,493.722222222222,15,23,3769.5
"Urban","Chevrolet","C1500",1,1998,50.38944,592.466666666667,13.5,18,4387
"Urban","Chevrolet","Camaro",1,2017,50.38944,442,16.51705,27.25565,3685
"Urban","Chevrolet","Metro",1,1998,50.38944,253.914285714286,33,39,1895
"Urban","Oldsmobile","Bravada",1,2002,50.38944,555.4375,14,19.5,4535
"Urban","Plymouth","Voyager",1,2000,50.38944,467.736842105263,16,23,3602
"Urban","Volkswagen","Cabrio",1,1999,50.38944,387.123106060606,20,27,2685
"Urban","Infiniti","G35x",1,2007,50.21494,467.736842105263,17,23,NA
"Urban","Subaru","WRX",1,2016,50.21494,420,18.3436,24.0433,3322
"Urban","Mitsubishi","Other",1,2016,50.00143,NA,NA,NA,NA
"Urban","Acura","CL",1,1999,49.69443,403.954545454545,20,27,3188.5
"Urban","Mazda","Protege5",1,2002,49.60882,NA,NA,NA,NA
"Urban","Nissan","Pickup",1,1997,49.60882,NA,NA,NA,NA
"Urban","Pontiac","Montana",1,2002,49.60882,469.036111111111,16.5,23,3872.5
"Urban","Chevrolet","Silverado LD",1,2019,49.57392,513,15.12205,21.10855,5356
"Urban","Honda","Accord Crosstour",1,2011,49.57392,423.190476190476,17.8502,26.41235,3887
"Urban","Land Rover","Discovery Sport",1,2016,49.57392,401,19.8039,25.9337,3854
"Urban","Dodge","Spirit",1,1992,49.54632,444.35,18,25,2708
"Urban","Toyota","Supra",1,1989,49.5281,493.722222222222,16,21,3494.5
"Urban","BMW","Other",1,1985,49.46912,NA,NA,NA,NA
"Urban","Honda","S2000",1,2001,49.37333,444.35,18,24,2809
"Urban","Audi","A5",1,2013,49.06276,374,20.4059,29.8271,3682
"Urban","Cadillac","Brougham",1,1989,49.06276,493.722222222222,15,22,4076
"Urban","Dodge","Nitro",1,2008,49.06276,508.243464052288,15.5,21.5,4105
"Urban","Fiat","500e",1,2017,49.06276,0,NA,NA,NA
"Urban","Genesis","Other",1,2016,49.06276,NA,NA,NA,NA
"Urban","GMC","Sonoma",1,2002,49.06276,539.101102941176,14.5,20,3761
"Urban","Honda","CR-Z",1,2011,49.06276,254.121732026144,32.81945,37.2502,2670
"Urban","Honda","Crosstour",1,2014,49.06276,388.25,19.779125,28.6005,3829
"Urban","Hyundai","Santa Fe Sport",1,2018,49.06276,402,19.803575,26.33865,3766.5
"Urban","Infiniti","Q50",1,2017,49.06276,367.5,21.24285,29.58705,3818
"Urban","Lotus","Elise/Exige",1,2006,49.06276,403.954545454545,19,27,NA
"Urban","Nissan","NV2500HD",1,2014,49.06276,NA,NA,NA,NA
"Urban","Volkswagen","Eos",1,2007,49.06276,386.391304347826,20,29,3568
"Urban","Volvo","C30",1,2008,49.06276,386.391304347826,19.5,28,2970
"Urban","Infiniti","Q60",1,2018,49.0471,379,20.8507,29.0291,3900.5
"Urban","Toyota","Paseo",1,1996,49.0471,323.270502645503,25,31.5,2025
"Urban","Chevrolet","Tracker",1,2000,48.87369,418.381493506493,20,23,2855
"Urban","Mercedes-Benz","CLK",1,2008,48.87369,NA,NA,NA,3897.5
"Urban","Mercury","Villager",1,2001,48.87369,522.764705882353,15,21,4002
"Urban","Mitsubishi","Eclipse",1,1999,48.84647,413.572510822511,18.5,27,2929
"Urban","Cadillac","Allante",1,1988,48.75371,522.764705882353,15,22,3489
"Urban","Cadillac","CTS-V",1,2017,48.75371,530,14.2845,21.2439,4141
"Urban","Eagle","Vision",1,1997,48.75371,467.736842105263,16,24,3435
"Urban","GMC","G1500 Vandura",1,1992,48.75371,NA,NA,NA,NA
"Urban","Honda","Prelude",1,2001,48.75371,413.572510822511,19.5,24.5,3009
"Urban","Hyundai","Ioniq",1,2018,48.75371,163,54.7251,54.4521,3073
"Urban","Hyundai","Veloster",1,2015,48.75371,311,25.0329,33.3567,2692
"Urban","Lincoln","Continental",1,2002,48.75371,493.722222222222,15,23,3895
"Urban","Nissan","cube",1,2010,48.75371,NA,NA,NA,2762
"Urban","Subaru","Ascent",1,2019,48.75371,387,20.5379,26.6602,4499
"Urban","Toyota","Corolla iM",1,2018,48.75371,290,27.4656,35.23935,2998
"Urban","Suzuki","Aerio",1,2005,48.63104,370.291666666667,22,28,2698
"Urban","Lincoln","MKT",1,2010,48.61641,480.729532163743,16.5,22.5,4319.5
"Urban","Chrysler","300",1,2012,48.61261,423.190476190476,17.7469,26.5175,3983.5
"Urban","Hyundai","Santa Fe XL",1,2017,48.61261,NA,NA,NA,NA
"Urban","Lexus","LS",1,2005,48.61261,493.722222222222,16,23,3990
"Urban","Ram","ProMaster 2500",1,2016,48.57364,NA,NA,NA,2632
"Urban","Audi","S4",1,2013,48.56607,426,17.5804,26.7905,3808.5
"Urban","Chevrolet","El Camino",1,1985,48.56607,522.764705882353,15,20,3367
"Urban","Dodge","Lancer",1,1985,48.56607,423.190476190476,19,25,NA
"Urban","Ford","Explorer Sport Trac",1,2002,48.56607,556.526593137255,14,18.75,4230
"Urban","Honda","Civic del SOL",1,1996,48.56607,NA,NA,NA,NA
"Urban","Jaguar","Other",1,2006,48.56607,NA,NA,NA,NA
"Urban","Jaguar","XE",1,2017,48.56607,368,20.6019,30.4124,3582.5
"Urban","Mazda","Truck",1,2003,48.56607,NA,NA,NA,NA
"Urban","Mercedes-Benz","SL",1,1994,48.56607,NA,NA,NA,4045
"Urban","Pontiac","Firebird",1,2002,48.56607,433.770238095238,17,26.5,3493.5
"Urban","Toyota","Echo",1,2001,48.56607,286.976041666667,28,36,2025
"Urban","Toyota","Tercel",1,1993,48.56607,329.148148148148,24,31,1975
"Urban","Volvo","V50",1,2007,48.56607,418.862391774892,18.25,26.5,3368
"Urban","Delorean","DMC-12",1,1981,48.55201,NA,NA,NA,NA
"Urban","Fisker","Karma",1,2012,48.55201,169,19.7,21.4,NA
"Urban","Ford","Escape Hybrid",1,2010,48.55201,292.083512931034,32,29,NA
"Urban","Jeep","Commander",1,2008,48.55201,613.62619047619,13.5,18.5,4936
"Urban","Tesla","Model X",1,2016,48.55201,0,NA,NA,5441
"Urban","Volvo","V60 Cross Country",1,2017,48.55201,NA,NA,NA,3920
"Urban","Mazda","MazdaSpeed6",1,2006,35.7639,NA,NA,NA,NA
"Urban","Honda",NA,1,2008,35.59309,NA,NA,NA,NA
"Urban","Chevrolet","Aveo5",1,2009,35.10701,NA,NA,NA,NA
"Urban","Jaguar","F-Type",1,2014,35.10701,405,19.2932,26.8407,3558
"Urban","Mercury","Other",1,2008,35.10701,NA,NA,NA,NA
"Urban","Chrysler","Voyager",1,2002,35.00814,508.243464052288,15.5,21.5,3766
"Urban","Mazda","MPV",1,2001,34.93574,493.722222222222,16,21,3657
"Urban","Isuzu","Ascender",1,2004,34.90284,564.694791666667,13.75,18.5,4240
"Urban","Chevrolet","Captiva Sport",1,2014,34.73227,NA,NA,NA,NA
"Urban","Aston Martin","Vanquish",1,2018,34.72058,555,13.466,20.7097,3834
"Urban","Ford","Transit Van",1,2015,34.72058,NA,NA,NA,NA
"Urban","Infiniti","QX50",1,2015,34.72058,450,17,24.759,3748
"Urban","Toyota","Scion tC",1,2007,34.70949,378.341485507246,20.5,28,2905
"Urban","Lexus","SC",1,2002,34.50187,493.722222222222,16,21,3840
"Urban","Nissan","NV200",1,2014,34.50187,363,23.5267,25.2844,3186
"Urban","Plymouth","Grand Voyager",1,1997,34.50187,467.736842105263,16.5,22.5,3687
"Urban","Toyota","Avalon Hybrid",1,2016,34.50187,223,40.3222,38.8285,NA
"Urban","Toyota","Previa",1,1992,34.50187,508.243464052288,15.5,20,3562.5
"Urban","Toyota","Sequoia",1,2003,34.50187,634.785714285714,13,16.5,5185
"Urban","Volvo","S60 Inscription",1,2018,34.50187,321,23.83455,34.2558,NA
"Urban","Buick","Terraza",1,2007,34.36908,467.736842105263,16,23,4470
"Urban","Kia","Amanti",1,2004,34.36908,493.722222222222,15,23,4021
"Urban","Mitsubishi","Lancer Sportback",1,2010,34.36908,403.954545454545,20,27,NA
"Urban","smart","fortwo",1,2011,34.36908,123.430555555556,33.0269,39.0821,1808
"Urban","Toyota","Scion iA",1,2016,34.36908,253.5,31.56055,40.3571,2385
"Urban","Volkswagen","Golf R",1,2016,34.36908,350.5,22.16925,30.09355,3258.5
"Urban","Land Rover","Range Rover Evoque",1,2017,0,372,20.8906,29.2741,3500
"Urban","Suzuki","XL-7",1,2004,0,NA,NA,NA,NA
"Suburban","Toyota","Camry",158,2010,34141.57912,341.807692307692,22,32,3461
"Suburban","Honda","CR-V",149,2013,32611.95259,351.5,22.4245,29.737,3417
"Suburban","Honda","Accord",114,2009,29096.49792,370.291666666667,21,30,3328
"Suburban","Ford","Escape",102,2013,27520.45536,362,21.5725,29.551025,3618.5
"Suburban","Toyota","Corolla",107,2010,26729.26843,330.964137931034,24,32,2723
"Suburban","Ford","F-150",87,2009,24519.59354,555.4375,14,19,5236.5
"Suburban","Honda","Odyssey",75,2011,23498.85026,413.572510822511,18.4473,27.19545,4447.5
"Suburban","Toyota","RAV4",88,2012,23255.41569,387.123106060606,20.232175,26.862275,3544.5
"Suburban","Chevrolet","Equinox",82,2016,20372.13673,364,21.3337,29.8192,3884
"Suburban","Ford","Focus",60,2011,19633.13416,311.920566502463,25.031,33.56455,2632.5
"Suburban","Honda","Civic",84,2011,19330.88163,306.448275862069,25,33.5269,2754
"Suburban","Toyota","Prius",67,2011,18485.58143,185.145833333333,49.3956,45.865,3042
"Suburban","Toyota","Sienna",66,2011,17791.57303,463.74623015873,17.236,22.839575,4460
"Suburban","Chevrolet","Silverado",83,2010,15924.2104,493.722222222222,15,22,5719
"Suburban","Ford","Fusion",68,2013,14647.09402,269.5,31.87595,35.436,3523
"Suburban","Subaru","Outback",82,2014,13921.96366,368,21.7375,28.0955,3429
"Suburban","Toyota","Highlander",67,2011,13804.50169,424.152272727273,18.74755,24.4353,4365
"Suburban","Hyundai","Sonata",62,2012,13710.96589,329.148148148148,23.5267,33.7116,3268.5
"Suburban","Chrysler","Town & Country",52,2010,13561.28438,467.736842105263,17,24,4507
"Suburban","Dodge","Grand Caravan",50,2009,13198.74716,467.736842105263,17,24,4321
"Suburban","Honda","Pilot",47,2011,12407.55192,480.729532163743,16.3252,22.38825,4504
"Suburban","Chevrolet","Impala",63,2010,11516.63726,403.954545454545,18,29,3602
"Suburban","Hyundai","Santa Fe",46,2014,11453.60568,438,17.8748,24.138575,4007
"Suburban","Nissan","Altima",41,2011,11034.14595,372.881118881119,21.53245,29.1098,3333
"Suburban","Nissan","Rogue",44,2015,10404.58338,343,23.7454,29.40355,3427.5
"Suburban","Chevrolet","Cruze",39,2014,9542.37168,309,25.6879,36.453,3102
"Suburban","Subaru","Forester",56,2014,9170.13396,359,23.0328,28.0955,3419
"Suburban","Mazda","CX-5",40,2016,8768.7873,324,24.967925,31.277825,3415
"Suburban","Mazda","Mazda3",38,2012,8644.12633,306.813095238095,25.7087,34.6349,2932.5
"Suburban","Jeep","Grand Cherokee",40,2012,8236.13801,530.101754385965,14.4239,21.1021,4875
"Suburban","Hyundai","Elantra",31,2013,8049.80437,284,28,38,2661
"Suburban","Ford","Explorer",43,2008,7923.27944,573.952083333333,13.25,19.5,4436
"Suburban","Chevrolet","Malibu",47,2012,7831.11031,341.807692307692,21.824,32.4136,3436
"Suburban","Kia","Sorento",33,2014,7711.07335,424.5,18.430125,24.6818,3833
"Suburban","Ford","Edge",55,2014,7455.23514,429,18.13225,25.469575,4257
"Suburban","Chevrolet","Traverse",26,2014,7029.59333,470.5,16.3669,23.31,4758.5
"Suburban","Toyota","Tacoma",26,2010,6921.47796,476.089285714286,17,21.5,3810
"Suburban","Chevrolet","Suburban",24,2007,6885.04473,575.274553571429,13.75,18.5,5745
"Suburban","Volkswagen","Jetta",33,2010,6832.22596,316.5,23.39165,31.63935,3223.5
"Suburban","Acura","MDX",23,2012,6630.10476,493.722222222222,15.9536,20.7059,4610
"Suburban","Ford","Mustang",26,2006,6274.59233,480.729532163743,16,23,3480
"Suburban","Lexus","RX",31,2011,5940.40375,433.770238095238,18.15755,24.34205,4431.5
"Suburban","Lexus","RX",31,2011,5940.40375,306.448275862069,31.1721,27.5468,4431.5
"Suburban","Subaru","Impreza",20,2014,5773.00977,374.75,21.550975,28.587425,NA
"Suburban","Ford","Taurus",27,2007,5764.87109,444.35,18,25,3314
"Suburban","Saturn","VUE",9,2006,5591.88748,433.770238095238,18.5,25,3388
"Suburban","Volkswagen","Tiguan",17,2015,5582.95614,393,20.5204,25.5684,3316
"Suburban","Mazda","Mazda6",19,2010,5561.41274,386.391304347826,20,29,3402.5
"Suburban","Nissan","Sentra",16,2008,5434.48611,335.47792022792,24,30.5,2967
"Suburban","GMC","Acadia",23,2014,5418.43479,474.5,16.21635,23.1108,4711
"Suburban","Volkswagen","Passat",19,2008,5262.80803,403.954545454545,19,28,3468
"Suburban","GMC","Sierra",20,2010,5234.63938,516.411662581699,14.75,20.75,5556
"Suburban","Chevrolet","Tahoe",24,2009,5206.78969,522.764705882353,15,20,5525.5
"Suburban","Kia","Soul",25,2014,5056.67369,338,23.5971,29.5912,2879
"Suburban","Kia","Optima",15,2012,5001.76372,329.148148148148,23.5267,33.65,3304
"Suburban","Jeep","Cherokee",27,2013,4894.10016,NA,NA,NA,NA
"Suburban","Pontiac","Vibe",17,2007,4536.12306,317.798212005109,25.5,32,2700
"Suburban","Mazda","CX-9",11,2012,4270.40087,NA,NA,NA,NA
"Suburban","Nissan","Pathfinder",13,2013,4264.48657,411,19.5075,25.1266,4185
"Suburban","Chevrolet","Sonic",11,2014,4254.03759,300,26.4099,34.8856,2745
"Suburban","Ford","Ranger",24,2004,4233.7014,533.837152777778,15.25,19.5,3694
"Suburban","Chrysler","Pacifica",12,2017,4124.90197,408.5,18.4977,27.9985,4943
"Suburban","Kia","Sedona",10,2014,4071.33744,NA,NA,NA,NA
"Suburban","Chevrolet","Cobalt",17,2008,4049.86514,341.807692307692,22,31,3103.5
"Suburban","Pontiac","Grand Prix",14,2003,3790.25283,444.35,17,26,3496
"Suburban","Acura","TSX",9,2008,3740.53403,395.172924901186,19.5,28,3306.5
"Suburban","Chevrolet","TrailBlazer",15,2006,3724.76803,573.952083333333,14,19,4683.5
"Suburban","Ram","1500",19,2016,3719.73901,482,15.97225,23.05305,5191.5
"Suburban","Audi","Q5",10,2014,3706.62159,395,19.6583,27.2277,4392.5
"Suburban","Subaru","Legacy",26,2014,3665.07437,372,21.1067,28.5101,3388
"Suburban","Audi","A6",9,2006,3638.59007,423.190476190476,18,27,3975
"Suburban","Cadillac","Deville",9,2003,3558.74517,NA,NA,NA,3978
"Suburban","Jeep","Liberty",11,2005,3557.85953,513.264005602241,16.5,20.5,3750
"Suburban","Toyota","Sequoia",5,2009,3529.21223,NA,NA,NA,NA
"Suburban","Kia","Forte",14,2014,3521.10989,316,24.2273,34.75705,2912
"Suburban","Acura","RDX",11,2015,3503.64784,394,19.6944,27.25865,3785
"Suburban","Toyota","4Runner",12,2012,3482.21085,467.736842105263,16.9653,22.0465,4537.5
"Suburban","Nissan","Murano",16,2011,3335.16737,444.35,17.9488,23.3483,4025
"Suburban","Buick","Century",12,2000,3298.92726,423.190476190476,18,27,3368
"Suburban","Honda","Other",6,2012,3237.34866,NA,NA,NA,NA
"Suburban","Toyota","Tundra",13,2012,3188.29519,573.952083333333,13.5984,18.0956,5370
"Suburban","BMW","3 Series",19,2012,3180.12891,423.190476190476,17.99075,26.4301,3599
"Suburban","Chevrolet","Cavalier",7,2001,3175.38985,386.391304347826,20,29,2676
"Suburban","Volvo","S60",12,2011,3127.30389,NA,NA,NA,NA
"Suburban","Lexus","ES",13,2010,3048.82303,403.954545454545,19,27,3580
"Suburban","Honda","Accord Hybrid",5,2017,3014.00993,183,48.5927,46.6108,NA
"Suburban","Chrysler","200",11,2014,2937.05631,380,19.6583,29.0835,3389
"Suburban","GMC","Yukon",11,2009,2897.26273,NA,NA,NA,NA
"Suburban","Buick","Enclave",17,2013,2879.4188,NA,NA,NA,NA
"Suburban","Dodge","Ram Pickup",9,2002,2853.0675,634.785714285714,12.5,16.5,5000
"Suburban","Subaru","Crosstrek",16,2017,2835.27315,329.5,24.35855,31.40985,3158.5
"Suburban","Dodge","Other",14,2015,2766.40141,NA,NA,NA,NA
"Suburban","Dodge","Durango",13,2010,2756.1597,NA,NA,NA,NA
"Suburban","Volkswagen","Touareg",3,2012,2739.9121,NA,NA,NA,NA
"Suburban","Dodge","Journey",8,2013,2711.66713,450.5,17.036625,24.626275,4153
"Suburban","Subaru","XV Crosstrek",10,2014,2689.00658,313.75,26.38985,31.40425,3164
"Suburban","Dodge","Caravan",11,2004,2658.32419,NA,NA,NA,NA
"Suburban","Mitsubishi","Outlander",13,2015,2619.48882,343.5,23.425725,28.602775,3389.5
"Suburban","Chevrolet","Colorado",4,2010,2616.85321,474.882821637427,16.5,22,3685
"Suburban","Mercury","Grand Marquis",6,2003,2544.99142,NA,NA,NA,NA
"Suburban","Buick","LaCrosse",14,2011,2533.23137,415.370652173913,17.94675,27.95515,4045
"Suburban","GMC","Canyon",7,2014,2521.84654,NA,NA,NA,NA
"Suburban","Hyundai","Tucson",13,2015,2454.66795,381,21.0019,26.5769,3373
"Suburban","Honda","Ridgeline",10,2014,2425.07185,505,15.5008,20.7732,4513
"Suburban","Ford","Crown Victoria",5,2003,2410.87597,493.722222222222,16,23,3946
"Suburban","Mitsubishi","Outlander Sport",6,2015,2402.71842,343.5,23.425725,28.602775,3131
"Suburban","GMC","Envoy",6,2005,2391.88574,NA,NA,NA,NA
"Suburban","Jeep","Compass",10,2013,2366.6374,NA,NA,NA,NA
"Suburban","Tesla","Model 3",9,2018,2310.12928,0,NA,NA,3810.5
"Suburban","Jeep","Patriot",10,2013,2245.7205,377.5,21.6063,26.5792,3236
"Suburban","MINI","Cooper",8,2009,2194.3315,292.083512931034,26.5,35.5,2745
"Suburban","Pontiac","G6",9,2007,2173.83328,423.190476190476,18,26,3472
"Suburban","Honda","Fit",17,2012,2109.23844,296.233333333333,27,33,2540
"Suburban","Pontiac","Firebird",5,1994,2085.11561,NA,NA,NA,NA
"Suburban","Infiniti","G37x",4,2012,2076.71433,444.35,17.767,25.0032,NA
"Suburban","Toyota","Prius v",5,2014,2062.05493,217,42.5946,38.7724,3274
"Suburban","Jeep","Renegade",7,2016,2033.135,349.5,22.6312,30.147225,3267.5
"Suburban","Dodge","Caliber",5,2009,2029.03753,370.291666666667,23,27,3097.5
"Suburban","Audi","A4",17,2012,2021.51444,355.48,21.9858,29.8925,3660
"Suburban","Ford","Flex",4,2015,2016.56732,453.75,17.1738,23.703575,4538
"Suburban","Chrysler","PT Cruiser",7,2004,2001.24681,NA,NA,NA,NA
"Suburban","Acura","TL",11,2006,1998.01643,423.190476190476,18,26,3531.5
"Suburban","Chevrolet","Corvette",15,2001,1988.35707,456.043421052632,16.5,25,3246
"Suburban","Pontiac","Other",3,1999,1985.61557,NA,NA,NA,NA
"Suburban","Pontiac","Grand Am",5,2003,1983.42994,NA,NA,NA,NA
"Suburban","Lexus","GX",5,2009,1959.61697,NA,NA,NA,NA
"Suburban","Mazda","MX-5 Miata",8,2000,1930.75915,386.391304347826,21,26,2332
"Suburban","Chevrolet","Trax",8,2017,1914.30942,313,25.4114,32.7237,3208
"Suburban","Mazda","CX-3",2,2016,1910.40255,299,27.59975,33.27075,2809
"Suburban","Acura","TLX",6,2017,1887.60335,348.75,21.9291,32.70025,3596
"Suburban","Toyota","Avalon",19,2008,1874.6741,403.954545454545,19,28,3490
"Suburban","Toyota","Scion xD",4,2010,1871.26746,NA,NA,NA,NA
"Suburban","Kia","Sportage",16,2015,1857.74425,NA,NA,NA,NA
"Suburban","Nissan","LEAF",6,2015,1853.69917,0,NA,NA,3256
"Suburban","Jeep","Wrangler Unlimited",4,2014,1852.78711,503,15.8405,20.40205,4397
"Suburban","Jeep","Wrangler",10,2011,1833.05128,NA,NA,NA,NA
"Suburban","Lexus","IS",5,2012,1828.7636,NA,NA,NA,NA
"Suburban","Chevrolet","Malibu Maxx",3,2004,1800.67501,403.954545454545,19,28,NA
"Suburban","Lexus","NX",5,2016,1794.05302,360,22.3219,27.975,3995
"Suburban","Chevrolet","HHR",7,2008,1786.1243,370.291666666667,21,29,3067
"Suburban","Chevrolet","C1500",5,1995,1779.34443,NA,NA,NA,NA
"Suburban","Chrysler","300C",3,2013,1741.39607,NA,NA,NA,4270
"Suburban","Dodge","Stratus",4,2004,1737.33254,423.190476190476,18,26,3121
"Suburban","Nissan","Frontier",6,2008,1724.63091,517.175938467492,15.5,20,4157.5
"Suburban","Saturn","S Series",5,1999,1720.76209,329.148148148148,23,33.5,2418
"Suburban","Buick","LeSabre",14,2000,1714.68134,444.35,17,27,3579
"Suburban","Mazda","B-Series",2,1997,1667.54711,NA,NA,NA,NA
"Suburban","Dodge","Dart",4,2014,1657.39947,327,23.6998,34.2642,3186
"Suburban","Saturn","Ion",11,2006,1624.92589,370.291666666667,21,29,2812
"Suburban","Chrysler","300",7,2009,1611.64076,NA,NA,NA,NA
"Suburban","Chevrolet","Other",5,2004,1600.45893,NA,NA,NA,NA
"Suburban","Toyota","Prius c",4,2014,1556.93663,178,52.5854,46.3205,2500
"Suburban","Hyundai","Accent",7,2012,1549.03634,282.198084677419,28,37,2413
"Suburban","Mazda","Mazda5",7,2011,1535.90861,NA,NA,NA,NA
"Suburban","Mercedes-Benz","CLA",2,2014,1501.37795,NA,NA,NA,3379
"Suburban","Honda","HR-V",11,2017,1497.85835,301.5,27.36275,32.50945,3062
"Suburban","Toyota","Scion xB",5,2009,1465.98232,NA,NA,NA,NA
"Suburban","Mitsubishi","Eclipse",2,2006,1455.97792,NA,NA,NA,NA
"Suburban","BMW","X3",8,2016,1455.35565,NA,NA,NA,NA
"Suburban","Lincoln","MKC",8,2016,1454.47363,NA,NA,NA,NA
"Suburban","Cadillac","SRX",4,2012,1429.61462,NA,NA,NA,NA
"Suburban","Toyota","Matrix",7,2008,1422.35112,317.798212005109,25.5,32,2679
"Suburban","Volkswagen","GTI",9,2015,1421.26958,315,24.77645,33.45375,3020
"Suburban","Ford","F-250",9,2002,1415.21666,NA,NA,NA,5846
"Suburban","Chevrolet","Camaro",9,2003,1367.94486,NA,NA,NA,NA
"Suburban","Chevrolet","Blazer",8,1997,1340.31684,539.101102941176,15,20,3783
"Suburban","Volkswagen","Eos",2,2009,1319.08265,NA,NA,NA,NA
"Suburban","Volvo","S80",3,2008,1293.52586,480.729532163743,15.5,23.5,4016
"Suburban","Chrysler","Sebring",4,2008,1293.2917,403.954545454545,19,27,3353
"Suburban","Cadillac","DTS",3,2007,1280.94554,493.722222222222,15,22.5,4009
"Suburban","Buick","Lucerne",5,2008,1260.63368,493.722222222222,15,23,3792
"Suburban","Ford","Econoline",6,2000,1244.48739,592.466666666667,12,16.5,5378
"Suburban","Lexus","SC",3,2000,1243.74602,NA,NA,NA,NA
"Suburban","Chevrolet","Venture",4,2003,1239.01595,469.036111111111,16.5,23,3768.5
"Suburban","Cadillac","XT5",4,2018,1222.70002,405,19.3338,26.2106,4113
"Suburban","Lexus","GS",4,2011,1219.52671,NA,NA,NA,NA
"Suburban","Audi","SQ5",2,2016,1209.74215,NA,NA,NA,NA
"Suburban","GMC","Terrain",14,2015,1192.20998,389,20.2177,28.5059,4027
"Suburban","Toyota","Camry Solara",5,2004,1191.57748,NA,NA,NA,NA
"Suburban","Subaru","WRX",3,2017,1184.51818,NA,NA,NA,NA
"Suburban","Chevrolet","Volt",11,2014,1182.98336,81,34.9,39.7,3781
"Suburban","Toyota","Celica",2,2001,1180.37363,NA,NA,NA,NA
"Suburban","Kia","Spectra",4,2006,1172.57292,355.48,22,30.5,2701
"Suburban","Chevrolet","Avalanche",5,2007,1168.91073,575.274553571429,13.75,18.5,5601.5
"Suburban","Nissan","Versa",4,2010,1165.02888,NA,NA,NA,NA
"Suburban","Ford","Expedition",6,2009,1164.95011,NA,NA,NA,NA
"Suburban","Saturn","L Series",3,2001,1157.00176,370.291666666667,21,29,3009
"Suburban","Cadillac","CTS",4,2012,1139.68714,467.736842105263,16.0395,25.5028,3883.5
"Suburban","Nissan","Maxima",10,2010,1135.24793,403.954545454545,19,26,3556
"Suburban","Lincoln","Town Car",6,2003,1129.93918,493.722222222222,16,23,4156
"Suburban","Ford","C-Max Hybrid",4,2016,1116.71108,NA,NA,NA,NA
"Suburban","Mercedes-Benz","C",4,2012,1103.92996,NA,NA,NA,NA
"Suburban","Mercury","Mariner",4,2008,1099.0406,370.772564935065,24,26,3496
"Suburban","Mercedes-Benz","E",3,2010,1084.43462,NA,NA,NA,NA
"Suburban","BMW","5 Series",9,2012,1082.23059,413.572510822511,18.29485,27.19905,4365
"Suburban","Ford","Escort",3,1996,1068.5204,362.885833333333,22,28.5,2377
"Suburban","BMW","i3",2,2016,1053.30712,0,NA,NA,2716.5
"Suburban","Toyota","Avalon Hybrid",3,2015,1053.20852,NA,NA,NA,NA
"Suburban","Audi","A8",3,2002,1052.31171,NA,NA,NA,NA
"Suburban","Honda","Accord Crosstour",2,2010,1048.18684,433.770238095238,17.5,26,3887
"Suburban","Cadillac","ATS",2,2015,1036.7346,NA,NA,NA,NA
"Suburban","Honda","Insight",4,2011,1029.50726,NA,NA,NA,NA
"Suburban","BMW","4 Series",3,2016,1024.74754,372,20.3173,30.3446,3775
"Suburban","GMC","Savana",2,2009,1019.22247,NA,NA,NA,NA
"Suburban","Oldsmobile","Cutlass Supreme",2,1986,1019.03325,NA,NA,NA,NA
"Suburban","Honda","Element",3,2004,1018.7457,433.770238095238,19,23.25,3429
"Suburban","Nissan","Titan",2,2009,1018.20662,NA,NA,NA,NA
"Suburban","Dodge","Neon",2,2004,1014.72874,355.48,22,29,2640.5
"Suburban","Hyundai","Sonata Hybrid",2,2012,1005.5001,246.861111111111,34,39,NA
"Suburban","Ford","Ecosport",2,2018,999.93981,NA,NA,NA,3190
"Suburban","Mercedes-Benz","SL",1,2001,986.68724,NA,NA,NA,4290
"Suburban","Audi","A3",2,2016,983.54925,328,23.4556,33.3421,3345.5
"Suburban","Volvo","XC60",9,2015,974.1929,388,20.377375,27.503375,4147
"Suburban","Audi","A5",2,2012,969.95975,362.885833333333,20.9211,29.8925,3781
"Suburban","Ford","Freestar",1,2005,969.87502,493.722222222222,16,21.5,4177.5
"Suburban","Toyota","Prius Plug-In",3,2016,963.12525,NA,NA,NA,NA
"Suburban","Mercedes-Benz","Metris",1,2018,955.92618,404,20.5296,24.1172,4380
"Suburban","Mazda","Mazda2",1,2013,955.00817,291,28.4808,33.6183,2306
"Suburban","Mercedes-Benz","380",1,1985,955.00817,592.466666666667,14,17,3577.5
"Suburban","Subaru","Other",1,2018,954.47637,NA,NA,NA,NA
"Suburban","Toyota","Echo",1,2002,954.47637,286.976041666667,28,36,2055
"Suburban","Mitsubishi","3000GT",1,1994,951.60181,NA,NA,NA,NA
"Suburban","Lexus","LS",1,2006,950.76136,467.736842105263,16,23,3990
"Suburban","Jaguar","XJS",1,1996,949.09956,493.722222222222,16,22,3980
"Suburban","Jeep","Other",1,2000,945.21818,NA,NA,NA,NA
"Suburban","Honda","Clarity",2,2018,944.81601,28.5,44,40,4055.5
"Suburban","Pontiac","G8",2,2009,942.8629,543.094444444444,14,22,3995
"Suburban","Dodge","Charger",5,2012,941.04126,NA,NA,NA,NA
"Suburban","Audi","S8",1,2015,934.27722,452,16,26.7008,4566
"Suburban","Mercedes-Benz","GL",1,2008,934.27722,NA,NA,NA,5313
"Suburban","BMW","X5",6,2013,929.69253,512.5,14.9384,21.7037,5280
"Suburban","Ford","Freestyle",1,2006,927.25846,456.043421052632,17.5,23.5,4036
"Suburban","Chrysler","Intrepid",1,1999,924.67428,NA,NA,NA,NA
"Suburban","Lincoln","Navigator L",1,2015,924.33273,538,14.7421,19.4198,NA
"Suburban","Hyundai","Other",1,2002,922.77298,NA,NA,NA,NA
"Suburban","Hyundai","Genesis",2,2014,920.99502,NA,NA,NA,NA
"Suburban","Audi","A7",1,2013,916.667,418,17.8058,27.5484,4052
"Suburban","Hyundai","Elantra GT",2,2014,911.83624,326.5,23.93625,32.3885,2745
"Suburban","Fiat","500c",1,2013,904.6961,NA,NA,NA,NA
"Suburban","Fiat","500X",1,2017,904.6961,NA,NA,NA,2967
"Suburban","Ford","Explorer Sport Trac",3,2003,903.64663,556.526593137255,14.75,18.75,3861.5
"Suburban","Volkswagen","Routan",2,2012,901.45703,444.35,17.1523,24.89,4639
"Suburban","Ford","F-150 Heritage",1,2004,896.24237,NA,NA,NA,4345
"Suburban","Ford","Five Hundred",2,2006,895.06673,450.753540100251,17.75,24.25,3739
"Suburban","Land Rover","Discovery",1,2019,888.27983,474,18.31225,23.12345,4833.5
"Suburban","Ford","E450 Super Duty",3,2011,885.42004,NA,NA,NA,NA
"Suburban","Saturn","Aura",4,2007,883.65475,423.190476190476,17.5,27,3529
"Suburban","Ford","F-350",8,2008,871.33332,NA,NA,NA,6272.5
"Suburban","Dodge","Avenger",5,2010,871.18385,NA,NA,NA,NA
"Suburban","Lexus","RC",1,2016,846.17453,396,19.184,27.5579,3748
"Suburban","Toyota","FJ Cruiser",1,2011,844.81569,481.493808049536,16.720725,20.9893,4295
"Suburban","Chevrolet","Caprice Classic",1,1991,824.05474,NA,NA,NA,NA
"Suburban","Buick","Regal",4,2001,810.68816,NA,NA,NA,NA
"Suburban","Subaru","B9 Tribeca",1,2006,792.85165,493.722222222222,16,21,4245
"Suburban","Infiniti","Q50",3,2014,788.54237,389,19.6238,28.7686,3787
"Suburban","Buick","Encore",10,2015,784.78271,320,25,33,3297.5
"Suburban","Porsche","911",2,2008,778.52938,NA,NA,NA,NA
"Suburban","Mitsubishi","Other",1,2019,776.2619,NA,NA,NA,NA
"Suburban","Ford","Windstar",1,1998,772.06015,480.729532163743,16,22.5,3654
"Suburban","Ford","Fusion Energi",3,2015,761.23573,129,40.4488,36.2655,NA
"Suburban","Cadillac","Fleetwood",1,1993,741.65467,522.764705882353,15,23,4275
"Suburban","Chevrolet","Aveo",6,2007,735.30984,335.47792022792,23,32,2437
"Suburban","Pontiac","Solstice",1,2008,713.76341,423.190476190476,19,25.5,2918
"Suburban","Mercury","Sable",5,2000,689.3535,444.35,17,26,3457.5
"Suburban","GMC","Other",3,2004,683.66123,NA,NA,NA,NA
"Suburban","Cadillac","Escalade ESV",1,2011,678.98104,595.111607142857,13.323,17.86285,NA
"Suburban","Chevrolet","TrailBlazer EXT",2,2004,661.94904,NA,NA,NA,NA
"Suburban","Suzuki","Other",4,2004,661.023,NA,NA,NA,NA
"Suburban","Cadillac","Escalade",7,2008,658.22713,634.785714285714,12,19,5751.5
"Suburban","BMW","Other",2,2012,628.99396,NA,NA,NA,NA
"Suburban","Infiniti","QX60",5,2016,623.35622,364.5,22.8008,27.25915,4392.5
"Suburban","Lincoln","MKZ",8,2012,602.15966,423.190476190476,17.8951,26.5822,3752
"Suburban","Kia","Borrego",1,2009,596.07489,500.982843137255,15.75,21,4432.5
"Suburban","Nissan","Juke",4,2012,568.6088,317.798212005109,25.8965,30.93165,3146
"Suburban","Volvo","XC90",6,2009,554.55044,548.358394607843,13.75,19.75,4544
"Suburban","Ford","Thunderbird",2,2003,540.4471,493.722222222222,16,22.5,3775
"Suburban","Audi","S6",1,2013,518.32531,440,16.761,26.9697,4284
"Suburban","Acura","RSX",1,2005,512.653,355.48,22,31,2771.5
"Suburban","Volvo","S40",4,2004,509.77913,403.954545454545,19,28,3232
"Suburban","Ford","Fiesta",7,2014,486.48382,293,27.19595,35.3626,2578
"Suburban","Nissan","280ZX",1,1983,478.00413,NA,NA,NA,NA
"Suburban","Saturn","Other",4,2003,477.57156,NA,NA,NA,NA
"Suburban","Ford","Expedition EL",2,2014,472.56108,NA,NA,NA,NA
"Suburban","Toyota","Other",5,2005,471.27087,NA,NA,NA,NA
"Suburban","Ford","Bronco",2,1994,462.66163,NA,NA,NA,NA
"Suburban","Chevrolet","Aveo5",1,2011,461.24225,NA,NA,NA,NA
"Suburban","Subaru","Ascent",3,2019,446.16607,387,20.5379,26.6602,4499
"Suburban","Land Rover","Range Rover Evoque",1,2019,446.07847,371,21.1067,28.574,3865
"Suburban","Chevrolet","Monte Carlo",4,1998,440.86067,NA,NA,NA,NA
"Suburban","Chevrolet","Uplander",2,2007,437.31329,467.736842105263,16,23,4470
"Suburban","Toyota","Previa",1,1991,435.69159,493.722222222222,16.5,20,3580
"Suburban","Saturn","Outlook",4,2008,433.5037,480.729532163743,16,23,4722
"Suburban","Mitsubishi","Mirage G4",1,2017,415.72115,243,33.62305,40.6274,NA
"Suburban","Chevrolet","Silverado Classic",2,2007,415.3432,555.4375,14.5,18.5,NA
"Suburban","Mercedes-Benz","Other",4,2000,409.62561,NA,NA,NA,NA
"Suburban","Nissan","Versa Note",2,2016,408.19164,NA,NA,NA,2414
"Suburban","Audi","Q7",4,2016,408.01977,NA,NA,NA,NA
"Suburban","Volvo","V40",1,2001,406.11965,386.391304347826,20,29,3118
"Suburban","GMC","Yukon XL",6,2011,397.74491,634.785714285714,12.5909,17.6421,6030
"Suburban","Volkswagen","Golf",3,2007,382.5915,NA,NA,NA,NA
"Suburban","Mazda","Protege",2,2002,379.82536,NA,NA,NA,NA
"Suburban","Ford","Transit Connect",2,2012,379.51196,386.391304347826,21.1658,26.4305,3392.5
"Suburban","Volkswagen","Atlas",2,2018,379.08939,406.5,19.63975,25.5079,4403
"Suburban","Suzuki","SX4 Crossover",2,2010,377.7546,NA,NA,NA,NA
"Suburban","Mercury","Other",1,2006,371.29378,NA,NA,NA,NA
"Suburban","Hyundai","Azera",3,2011,367.26979,NA,NA,NA,NA
"Suburban","Honda","CR-Z",1,2015,366.34175,255,33.0988,37.4145,2678.5
"Suburban","Lincoln","LS",1,2001,366.34175,493.722222222222,15,23,3587.5
"Suburban","Pontiac","Montana",3,2004,362.11246,469.036111111111,16.5,23,3872.5
"Suburban","Oldsmobile","Bravada",1,2004,358.61775,555.4375,14,19,4508.5
"Suburban","Mazda","Tribute",1,2003,352.01343,447.151021493127,18,23,3373.5
"Suburban","Volkswagen","Cabrio",2,1998,344.93195,NA,NA,NA,NA
"Suburban","Volkswagen","CC",1,2015,344.57798,355,21.2829,31.3274,3510.5
"Suburban","Dodge","Dakota",4,2003,331.70002,595.111607142857,13.5,17.5,3951
"Suburban","Mazda","Other",3,2011,321.52508,NA,NA,NA,NA
"Suburban","BMW","X2 M",1,2018,320.07519,NA,NA,NA,NA
"Suburban","Buick","Verano",4,2013,303.57215,372,20.5296,30.5383,3300
"Suburban","Lincoln","MKX",6,2014,300.22001,NA,NA,NA,NA
"Suburban","Kia","Rondo",3,2008,295.43039,413.572510822511,18.5,26,3388
"Suburban","Infiniti","FX35",4,2006,283.06967,508.243464052288,15,21,4124
"Suburban","Tesla","Model S",3,2015,270.70157,NA,NA,NA,NA
"Suburban","Lincoln","Continental",3,2011,269.19377,NA,NA,NA,NA
"Suburban","Chrysler","Other",3,2006,268.18569,NA,NA,NA,NA
"Suburban","Jeep","Commander",2,2006,267.31442,592.466666666667,14,18,4737
"Suburban","Dodge","Nitro",2,2009,266.80877,NA,NA,NA,NA
"Suburban","Porsche","Boxster",1,2007,265.94474,403.954545454545,19,28,3043.5
"Suburban","Volkswagen","Rabbit",1,2008,265.26065,370.291666666667,21.5,29,3056.5
"Suburban","Chrysler","300M",1,2004,263.36156,NA,NA,NA,3482.5
"Suburban","Kia","Rio",4,2011,251.84039,296.233333333333,27.32605,34.00655,2401.5
"Suburban","Mercury","Milan",4,2008,244.48172,386.391304347826,20,28,3210
"Suburban","Ford","Other",2,1998,243.52423,NA,NA,NA,NA
"Suburban","Volvo","V50",1,2010,242.88375,387.123106060606,20,28.2,3445.5
"Suburban","Toyota","Yaris",3,2009,241.59605,282.198084677419,29,35.5,2302
"Suburban","Chevrolet","Spark",1,2017,232.48059,269.5,29.7856,37.92285,2279
"Suburban","Oldsmobile","Alero",2,2004,232.35047,355.48,21,31,2996
"Suburban","Ram","2500",3,2014,230.62164,NA,NA,NA,6295.5
"Suburban","Nissan","Quest",3,2012,225.76399,423.190476190476,18.6199,24.2876,4371
"Suburban","Cadillac","Seville",3,1995,221.861,493.722222222222,15,23,3769.5
"Suburban","Cadillac","CTS-V",2,2010,221.54945,NA,NA,NA,NA
"Suburban","Infiniti","JX35",1,2013,220.64429,437.5,18.2223,23.7371,4240.5
"Suburban","Chevrolet","Prizm",3,2001,216.77209,296.233333333333,26,36,2403
"Suburban","Porsche","Cayenne",1,2012,213.70294,495.250773993808,15.889,22.15,4668.5
"Suburban","Geo","Prizm",2,1996,209.04652,335.47792022792,24,31,2364.5
"Suburban","Toyota","Venza",3,2012,206.11727,NA,NA,NA,NA
"Suburban","Mitsubishi","Galant",2,2008,203.35018,NA,NA,NA,NA
"Suburban","Mitsubishi","Lancer",4,2009,202.14387,NA,NA,NA,NA
"Suburban","Volvo","C30",1,2013,201.92512,361.5,21.05,29.8,3215
"Suburban","Chevrolet","S10",4,2000,201.37801,503.41897252322,15.75,21.5,NA
"Suburban","Audi","S4",1,2018,199.11665,374,20.5086,29.5182,3858
"Suburban","Mercedes-Benz","M",4,2010,196.67409,NA,NA,NA,NA
"Suburban","Mercedes-Benz","GLK",2,2014,185.88142,NA,NA,NA,4123
"Suburban","Chevrolet","K1500",2,1991,183.85967,NA,NA,NA,NA
"Suburban","BMW",NA,2,2014,177.11982,NA,NA,NA,NA
"Suburban","Saab","9-3",3,2003,169.6939,NA,NA,NA,NA
"Suburban","Buick","Rendezvous",3,2006,164.79401,474.233187134503,16.25,23,4096
"Suburban","Audi","S5",1,2014,159.21867,426,17.5804,26.7905,3841.5
"Suburban","BMW","6 Series",1,2007,156.49699,524.579861111111,14.5,21.5,4045.5
"Suburban","Mercedes-Benz","SLK",3,2004,153.42431,NA,NA,NA,NA
"Suburban","Alfa Romeo","Giulia",2,2017,151.70584,390.5,20.3117,28.51435,3632
"Suburban","Hyundai","Elantra Touring",3,2010,151.0537,341.807692307692,23,30.5,2937
"Suburban","Buick","Rainier",3,2004,150.9437,564.694791666667,13.75,18.25,4508.5
"Suburban","Volvo","XC70",4,2006,149.60975,467.736842105263,17,24,3699
"Suburban","Honda","Crosstour",3,2015,149.37704,388.25,19.779125,28.6005,3829.5
"Suburban","Volkswagen","New Beetle",3,2002,146.22528,370.291666666667,21,28,2874
"Suburban","Ford","Escape Hybrid",3,2008,146.10805,NA,NA,NA,NA
"Suburban","Buick","Envision",3,2017,146.05994,371,21.4792,27.935625,3929
"Suburban","Nissan","Titan XD",2,2016,140.12594,NA,NA,NA,6423
"Suburban","Land Rover","LR4",1,2015,137.0046,539,14.5898,19.488,5655
"Suburban","Land Rover","Range Rover",2,2011,137.0046,NA,NA,NA,NA
"Suburban","Dodge","Intrepid",1,2004,134.99626,444.35,17,25,3362.5
"Suburban","BMW","2 Series",1,2014,125.83727,333,22.7232,34.02715,3200
"Suburban","Pontiac","Aztek",1,2002,123.72276,469.036111111111,16.5,23,3911
"Suburban","Cadillac","Allante",1,1990,120.01723,555.4375,14,20,3403
"Suburban","Nissan","Xterra",2,2010,117.11205,515.50408496732,15.5,20.25,4255
"Suburban","Oldsmobile","Intrigue",1,2002,115.34568,423.190476190476,18,27,3434
"Suburban","Dodge","Magnum",2,2005,111.56231,469.036111111111,16,23.5,3811
"Suburban","Mercury","Monterey",1,2004,107.0083,522.764705882353,15,21,4434
"Suburban","Ford","Excursion",2,2001,105.90933,NA,NA,NA,NA
"Suburban","Fiat","500L",2,2014,105.82066,NA,NA,NA,3228.5
"Suburban","Mercedes-Benz","Sprinter 3500",2,2016,105.58253,NA,NA,NA,NA
"Suburban","Mitsubishi","Endeavor",2,2009,103.61712,NA,NA,NA,NA
"Suburban","Cadillac","ELR",1,2014,102.15952,91,31,35,4048
"Suburban","Buick","Other",2,1997,101.58559,NA,NA,NA,NA
"Suburban","Mitsubishi","Mirage",2,2007,101.0207,NA,NA,NA,NA
"Suburban","Chevrolet","K3500",2,1998,99.05811,NA,NA,NA,NA
"Suburban","Acura","ILX",2,2016,98.70455,309,25.1342,34.8146,3103
"Suburban","Porsche","Macan",2,2016,98.15858,NA,NA,NA,NA
"Suburban","Infiniti","QX50",2,2017,98.05288,445,17.3756,24.3654,4020
"Suburban","Infiniti","G35",2,2006,97.62199,NA,NA,NA,NA
"Suburban","Mazda","CX-7",2,2010,97.55104,436.263866187207,18,24.75,3819.5
"Suburban","Chevrolet","Express",2,2006,97.44733,NA,NA,NA,NA
"Suburban","Chevrolet","Impala Limited",2,2014,97.44733,410,17.821,29.1471,3602
"Suburban","Cadillac","XTS",2,2014,97.34916,417,17.9383,27.6447,4110.5
"Suburban","BMW","7 Series",1,2001,92.65188,524.579861111111,14.5,20.5,4288
"Suburban","Chevrolet","Captiva",1,2013,88.79131,456.5,17.1718,23.9267,3772
"Suburban","Jaguar","XJ8",1,2004,84.49245,467.736842105263,16,25,3766
"Suburban","Toyota","Land Cruiser",1,2013,78.52207,593,13.1325,17.8483,5730
"Suburban","Lincoln","MKS",1,2016,77.65427,452.75,16.80795,24.6496,4204
"Suburban","Dodge","Sprinter 3500",1,2006,68.31506,NA,NA,NA,NA
"Suburban","Buick","Cascada",1,2017,62.75578,395,20.0221,26.5822,3979
"Suburban","Honda","S2000",1,2005,62.68862,444.35,17,23,2835
"Suburban","Volvo","Other",1,2005,60.48733,NA,NA,NA,NA
"Suburban","Toyota","Scion tC",1,2010,58.18311,378.341485507246,20.5,28,2905
"Suburban","Jaguar","XJR",1,2001,56.3786,555.4375,14,20,4050
"Suburban","Infiniti","QX56",1,2012,53.37647,555.4375,13.63315,19.81865,5720
"Suburban","Ford","C-Max Energi",1,2015,53.2145,NA,NA,NA,NA
"Suburban","Toyota","Tercel",1,1994,53.2145,329.148148148148,24,31,1987.5
"Suburban","Ford","Tempo",1,1993,52.96278,423.190476190476,19,25.5,2566
"Suburban","Chrysler","Crossfire",1,2008,52.78703,458.456349206349,17,24,3100.5
"Suburban","Chevrolet","C10",1,1986,51.8368,607.319024725275,13.25,17,3282
"Suburban","Jaguar","XF",1,2014,51.8368,443.5,17.0163,26.39965,3660
"Suburban","Chrysler","Concorde",1,2000,51.48661,433.770238095238,17.5,26,3438
"Suburban","Infiniti","M35",1,2006,51.48661,493.722222222222,16,22.5,3792
"Suburban","Porsche","944",1,1984,51.48661,469.036111111111,17,22.5,2778
"Suburban","Chevrolet","Classic",1,2005,51.46703,355.48,22,31,3106
"Suburban","Infiniti","QX70",1,2017,51.43513,471.5,16.59305,22.72955,4265
"Suburban","Chevrolet","Caprice",1,1984,51.33959,539.101102941176,14.5,19.5,3532
"Suburban","GMC","R2500",1,1987,51.33959,NA,NA,NA,NA
"Suburban","GMC","Sonoma",1,1995,51.31175,508.243464052288,15.5,21,3800
"Suburban","Chevrolet","Silverado LD",1,2019,50.68337,513,15.12205,21.10855,5356
"Suburban","Geo","Metro",1,1997,50.68337,253.914285714286,33,39,1830
"Suburban","Ford","E-350 Wagon",1,1995,50.53705,NA,NA,NA,NA
"Suburban","BMW","Z4",1,2012,50.51046,423.190476190476,18.5595,25.9337,3527
"Suburban","Dodge","Challenger",1,2018,50.40855,486,15.1221,24.6279,4232
"Suburban","Hyundai","Entourage",1,2008,50.40855,493.722222222222,16,23,4400
"Suburban","Nissan","cube",1,2009,50.38944,NA,NA,NA,2762
"Suburban","Saturn","Astra",1,2008,50.38944,329.148148148148,24,31,2877
"Suburban","Volkswagen","Beetle",1,2013,50.38944,352.5,22.1533,30.19005,3164
"Suburban","Chrysler","Grand Voyager",1,2010,50.29841,NA,NA,NA,NA
"Suburban","Saab","9-5",1,2002,50.29569,423.190476190476,18,27,NA
"Suburban","Jaguar","S-Type",1,2000,50.21494,NA,NA,NA,3710
"Suburban","Ford","Explorer Sport",1,2003,50.19192,556.526593137255,14.5,18.75,3861.5
"Suburban","Hummer","H3",1,2009,50.19192,555.4375,14,18,4789
"Suburban","Infiniti","M37x",1,2013,50.19192,447,17.5243,23.8388,NA
"Suburban","Audi","A3/S3",1,2015,50.15297,NA,NA,NA,NA
"Suburban","Dodge","Stealth",1,1993,50.02672,493.722222222222,16,22,3169.5
"Suburban","Kia","Other",1,2019,50.0255,NA,NA,NA,NA
"Suburban","Nissan","Armada",1,2004,50.00143,634.785714285714,12,17.5,4969.5
"Suburban","Volvo","V60 Cross Country",1,2017,49.9876,NA,NA,NA,3920
"Suburban","Kia","Forte Koup",1,2013,49.97882,336.5,23.58355,31.60335,NA
"Suburban","Chevrolet","Tracker",1,1998,49.57392,413.572510822511,20,23.75,2555
"Suburban","Fiat","124 Spider",1,2017,49.57392,300,25.7905,35.7568,2436
"Suburban","Kia","Rio5",1,2006,49.57392,NA,NA,NA,NA
"Suburban","Genesis","G80",1,2018,49.56438,447.5,17.22665,24.72545,4519
"Suburban","Bertone","X1/9",1,1986,49.07929,403.954545454545,20,26,NA
"Suburban","Ford","Probe",1,1994,49.07929,415.370652173913,18.5,26.5,2805.5
"Suburban","Hyundai","Kona",1,2019,49.07929,301.5,26.6098,31.383025,3062
"Suburban","Mercury","Capri",1,1992,49.07929,386.391304347826,21,26,2451
"Suburban","Pontiac","Fiero",1,1988,49.07929,419.014254385965,18.5,26.5,2569.5
"Suburban","Subaru","Baja",1,2005,49.07929,445.46365914787,18,24,3545
"Suburban","Mercury","Montego",1,2007,49.0085,445.46365914787,18,24.5,3737.5
"Suburban","Buick","Regal TourX",1,2018,48.99101,366,21.2652,29.287,3816
"Suburban","Infiniti","QX30",1,2018,48.99101,324,24.1397,32.9834,3344.5
"Suburban","Cadillac","Other",1,1991,48.87369,NA,NA,NA,NA
"Suburban","Lexus","HS",1,2012,48.87369,261.382352941176,34.8691,32.8285,3682
"Suburban","Chevrolet","G20",1,1995,48.84647,NA,NA,NA,4052
"Suburban","Volkswagen","Golf Alltrack",1,2019,48.84647,358,21.6578,29.77065,3351
"Suburban","Buick","Terraza",1,2007,48.77552,467.736842105263,16,23,4470
"Suburban","Cadillac","Escalade EXT",1,2005,48.77552,NA,NA,NA,NA
"Suburban","GMC","Envoy XL",1,2004,48.77552,583.209375,13.25,17.75,NA
"Suburban","GMC","Step Van",1,1998,48.77552,NA,NA,NA,NA
"Suburban","Honda","Prelude",1,1987,48.77552,370.935652173913,21.5,28,2271
"Suburban","Hyundai","Santa Fe Sport",1,2017,48.77552,402,19.803575,26.33865,3766.5
"Suburban","Jeep","CJ7",1,1986,48.77552,522.764705882353,15,18,NA
"Suburban","Mercury","Tracer",1,1999,48.77552,336.436428571429,23,32.5,2498
"Suburban","Oldsmobile","Aurora",1,2001,48.77552,469.036111111111,16,24,3744.5
"Suburban","Toyota","C-HR",1,2018,48.77552,305,27.0745,31.2658,3300
"Suburban","Toyota","T100",1,1998,48.77552,534.601428663571,15.5,18.5,4022.5
"Suburban","Hyundai","Genesis Coupe",1,2015,48.74772,459,16.2375,24.1818,3495
"Suburban","Hyundai","Tiburon",1,2004,48.74772,444.35,17,24,2977.5
"Suburban","GMC","Envoy XUV",1,2004,48.65177,NA,NA,NA,NA
"Suburban","Lexus","Ot",1,2020,48.61261,NA,NA,NA,NA
"Suburban","Nissan","Other",1,2017,48.61261,NA,NA,NA,NA
"Suburban","Audi","allroad",1,2002,48.57364,NA,NA,NA,4079
"Suburban","BMW","1 Series",1,2012,48.57364,413.572510822511,18.2541,27.3242,3505
"Suburban","Chevrolet","Astro",1,1997,48.57364,555.4375,15,20,4190
"Suburban","Chevrolet","Malibu Limited",1,2016,48.57364,329,23.442,32.8468,3439
"Suburban","Chrysler","Voyager",1,2002,48.57364,508.243464052288,15.5,21.5,3766
"Suburban","Ford","LTD Crown Victoria",1,1985,48.57364,603.190045248869,12.5,19.5,NA
"Suburban","Ford","Mustang Shelby",1,2017,48.57364,NA,NA,NA,NA
"Suburban","Hyundai","Santa Fe XL",1,2019,48.57364,449,17.5986,23.6833,4097.5
"Suburban","Mercedes-Benz","190",1,1993,48.57364,439.060119047619,17.75,24.5,2905
"Suburban","Mercury","Mystique",1,1999,48.57364,404.790890269151,19,27,2814.5
"Suburban","MINI","Cooper Countryman",1,2012,48.57364,312.690740740741,26.0531,31.63645,NA
"Suburban","Pontiac","Bonneville",1,2005,48.57364,458.456349206349,16.5,24.5,3678
"Suburban","Volkswagen","Cabriolet",1,1992,48.57364,370.935652173913,21.5,27.5,2224
"Suburban","Volkswagen","Other",1,2005,48.57364,NA,NA,NA,NA
"Suburban","Fiat","500 ABARTH",1,2013,35.65944,NA,NA,NA,NA
"Suburban","Oldsmobile","Cutlass",1,1984,35.53595,424.166666666667,20,28,3251.75
"Suburban","Chevrolet","Lumina",1,1998,35.08231,423.190476190476,17,27,3375
"Suburban","GMC","Jimmy",1,1995,34.58677,523.672283496732,15,20.25,NA
"Suburban","Chrysler","Lebaron",1,1994,34.37444,NA,NA,NA,2939
"Suburban","Suzuki","Sidekick",1,1993,0,409.181700545831,20.75,23.5,NA
"Rural","Chevrolet","Silverado",41,2009,12100.98748,522.764705882353,15,20,5840
"Rural","Ford","Escape",22,2014,7553.75263,362,21.5725,29.551975,3645
"Rural","Ford","F-150",26,2013,6734.60433,519,15.0463,20.6467,5333
"Rural","Subaru","Outback",18,2013,5380.54871,375,21.1244,27.7142,3482.5
"Rural","Toyota","RAV4",25,2012,4995.33378,387.123106060606,20.232175,26.862275,3544.5
"Rural","Dodge","Ram Pickup",12,2005,4840.29395,634.785714285714,12,16.5,5503
"Rural","Toyota","Prius",16,2012,4554.35179,185.145833333333,49.364,45.844,3042
"Rural","GMC","Sierra",14,2011,4302.82391,516.411662581699,14.83845,20.6595,6201
"Rural","Ford","Focus",15,2013,3928.90417,285,26.6843,36.7677,2913.5
"Rural","Subaru","Forester",8,2012,3294.542,386.391304347826,20.8185,26.2183,3360
"Rural","Kia","Soul",4,2013,3078.05657,340,24.5,29.5,2707
"Rural","Jeep","Cherokee",9,2017,2857.06136,414,18.8533,25.8035,3953
"Rural","Honda","Odyssey",8,2011,2797.15695,413.572510822511,18.4473,27.19545,4447.5
"Rural","Honda","Accord",15,2008,2651.58602,370.291666666667,21,31,3368
"Rural","Chevrolet","Malibu",6,2012,2581.44561,341.807692307692,21.824,32.4136,3436
"Rural","Chrysler","Town & Country",11,2009,2439.18162,467.736842105263,17,24,4507
"Rural","Honda","Civic",12,2009,2263.21875,306.448275862069,25,34,2714
"Rural","Ford","Mustang",7,2004,2262.2298,493.722222222222,16,23,3184
"Rural","Toyota","Corolla",6,2009,2145.80433,325.856666666667,24,32.5,2800
"Rural","Toyota","Camry",15,2011,2143.58689,355.48,21.8634,31.2962,3461
"Rural","BMW","3 Series",7,2006,2032.35697,444.35,17,26,3384
"Rural","Chevrolet","Equinox",12,2015,2008.90855,364,21.3337,29.8192,3803
"Rural","Nissan","Rogue",3,2011,1990.74377,370.291666666667,22.21055,26.8347,3358
"Rural","Jeep","Grand Cherokee",10,2011,1982.47731,493.722222222222,16.02875,22.414,4780
"Rural","Nissan","Xterra",2,2011,1954.88148,508.243464052288,15.58345,20.82975,4259.5
"Rural","Toyota","Sienna",7,2009,1952.04888,480.729532163743,16.5,22,4266
"Rural","Toyota","4Runner",3,2007,1831.86047,523.672283496732,15.25,19.5,4300
"Rural","Ram","1500",7,2016,1811.18317,482,15.97225,23.05305,5191.5
"Rural","Ford","F-350",6,2008,1782.17896,NA,NA,NA,6272.5
"Rural","Ford","Fusion",12,2013,1742.36516,269.5,31.87595,35.436,3523
"Rural","GMC","Acadia",2,2014,1685.39925,474.5,16.21635,23.1108,4711
"Rural","Honda","CR-V",11,2011,1641.16517,378.341485507246,20.9281,27.1056,3503
"Rural","Chevrolet","Tahoe",10,2008,1633.855,499.89375,17,19.75,5394.5
"Rural","Ford","Explorer",9,2012,1596.05728,441.553747139588,17.79005,24.374175,4665
"Rural","Toyota","Tundra",9,2009,1575.44032,NA,NA,NA,NA
"Rural","Chevrolet","Suburban",10,2007,1572.42775,575.274553571429,13.75,18.5,5745
"Rural","Chevrolet","Traverse",5,2014,1560.42249,470.5,16.3669,23.31,4758.5
"Rural","Ford","Expedition",6,2007,1554.61161,592.466666666667,12,18,5865.5
"Rural","Chevrolet","Impala",6,2012,1495.90327,403.954545454545,17.821,29.1471,3555
"Rural","Ford","F-250",8,2004,1492.58406,NA,NA,NA,NA
"Rural","Honda","Fit",5,2011,1488.50059,296.233333333333,27,33,2520
"Rural","Kia","Sportage",3,2011,1483.92397,378.341485507246,21.0918,27.28885,3270.5
"Rural","Buick","LeSabre",4,2001,1414.97979,444.35,17,27,3579
"Rural","Dodge","Grand Caravan",7,2009,1403.21956,467.736842105263,17,24,4321
"Rural","Kia","Optima",2,2013,1318.64769,326,23.5267,33.65,3223
"Rural","Dodge","Journey",3,2011,1250.89321,NA,NA,NA,NA
"Rural","Toyota","Avalon",2,2008,1181.85312,403.954545454545,19,28,3490
"Rural","Honda","Pilot",9,2013,1149.20774,440,17.5275,24.67325,4451.5
"Rural","Mazda","Mazda3",4,2012,1143.85076,306.813095238095,25.7087,34.6349,2932.5
"Rural","Jeep","Wrangler",6,2002,1105.97465,573.952083333333,14,17,2857
"Rural","Volkswagen","Jetta",2,2004,1075.07337,370.291666666667,21,28,2929.5
"Rural","Ford","Ranger",7,2001,1056.64337,522.764705882353,15,20,3339.5
"Rural","Dodge","Charger",2,2012,1052.15314,NA,NA,NA,NA
"Rural","Buick","Enclave",3,2012,1050.00345,480.729532163743,16.3293,22.78735,4780
"Rural","Ford","Expedition EL",2,2014,1038.15203,NA,NA,NA,NA
"Rural","Lincoln","Mark VIII",2,1998,1028.14986,493.722222222222,15,24,3775
"Rural","Ford","Expedition MAX",1,2019,1020.87868,480,16.50155,22,NA
"Rural","Pontiac","G6",3,2008,1020.79413,444.35,17,26,3457
"Rural","Saturn","Sky",1,2009,1005.06743,423.190476190476,19,26,NA
"Rural","Cadillac","CTS",1,2010,1004.73924,445.46365914787,17,26.5,3861
"Rural","GMC","Step Van",1,1999,1004.73924,NA,NA,NA,NA
"Rural","Ford","Explorer Sport Trac",2,2008,1000.61918,NA,NA,NA,NA
"Rural","Mercury","Mountaineer",1,2000,986.98037,573.952083333333,13.5,18.5,4045
"Rural","Acura","TSX",1,2009,986.76946,370.935652173913,20.5,29,3400
"Rural","Toyota","Tacoma",4,2011,983.87737,469.592940685046,17.461775,21.596,3762.5
"Rural","Mazda","CX-9",1,2011,974.61885,467.736842105263,16.66665,22.80475,4438
"Rural","Lincoln","MKS",1,2010,971.63818,461.890131578947,16.75,24,4228
"Rural","Lincoln","MKZ",1,2010,971.63818,445.46365914787,17.5,25.5,3570.5
"Rural","Kia","Sedona",2,2014,961.82591,NA,NA,NA,NA
"Rural","GMC","Terrain",2,2016,945.55353,389.25,20.18,28.55035,3929.5
"Rural","Mazda","CX-7",1,2011,943.42147,441.553747139588,18.07485,23.256925,3787
"Rural","Jeep","Liberty",5,2008,893.4122,494.486498108015,15.75,21.75,4168
"Rural","Pontiac","Grand Prix",4,2000,873.69436,NA,NA,NA,NA
"Rural","Honda","Other",4,2004,860.98325,NA,NA,NA,NA
"Rural","GMC","Envoy",2,2002,843.80063,555.4375,14,19,4732
"Rural","Buick","Regal",3,2014,817.50584,373,20.3124,30.4124,3681.5
"Rural","Chevrolet","C1500",5,1995,811.41051,NA,NA,NA,NA
"Rural","Kia","Niro",1,2018,790.37722,183,50.8864,46.2675,3199
"Rural","Ford","F-450",2,2000,788.72015,NA,NA,NA,NA
"Rural","Hyundai","Sonata",4,2012,782.66112,329.148148148148,23.5267,33.7116,3268.5
"Rural","Saturn","VUE",2,2005,723.39033,423.190476190476,19,25,3430
"Rural","Mercedes-Benz","E",4,2002,718.14818,NA,NA,NA,NA
"Rural","Chevrolet","Volt",3,2016,710.84986,51,42.6,41.8,3543
"Rural","Mazda","Tribute",2,2004,708.71886,NA,NA,NA,NA
"Rural","Kia","Rio",2,2010,704.66789,NA,NA,NA,NA
"Rural","Chevrolet","Avalanche",1,2004,657.2029,634.785714285714,13,17,5678
"Rural","Ford","Transit Van",1,2018,657.2029,NA,NA,NA,NA
"Rural","Buick","LaCrosse",2,2006,649.87699,433.770238095238,17,26.5,3502
"Rural","Chrysler","300C",2,2011,637.87459,NA,NA,NA,NA
"Rural","Volkswagen","GTI",1,2018,625.9816,321,24.54165,32.3026,3095
"Rural","Saturn","Outlook",1,2008,615.27022,480.729532163743,16,23,4722
"Rural","Hyundai","Elantra",3,2013,553.8055,284,28,38,2661
"Rural","Ford","Edge",6,2014,522.27319,429,18.13225,25.469575,4257
"Rural","Oldsmobile","Alero",1,2003,522.25611,355.48,21,30,3018.5
"Rural","Chevrolet","Corvette",3,1992,518.90707,NA,NA,NA,NA
"Rural","Lincoln","MKT",1,2013,518.32531,454,17.0401,23.904,4768
"Rural","Mercedes-Benz","C",1,2016,517.65801,NA,NA,NA,3671
"Rural","Ford","Freestyle",2,2005,514.33712,456.043421052632,17.5,23.5,4035.5
"Rural","Dodge","Durango",5,2012,492.54181,520.844462719298,14.789325,21.303075,4950
"Rural","Chevrolet","C2500",1,1998,489.01205,NA,NA,NA,4887
"Rural","Toyota","Scion xA",1,2005,489.01205,296.233333333333,27,34.5,2340
"Rural","Chevrolet","Cruze",3,2013,468.64352,304.5,25.23735,35.86225,3102
"Rural","Chevrolet","Colorado",1,2008,461.32517,508.243464052288,15.5,21,3699.5
"Rural","Chevrolet","Other",3,2011,454.80176,NA,NA,NA,NA
"Rural","Chevrolet","Blazer",1,2004,429.70031,564.694791666667,13.75,18.5,3838.5
"Rural","Lexus","RX",5,2012,429.10764,306.448275862069,31.1721,27.5468,4431.5
"Rural","Lexus","RX",5,2012,429.10764,423.190476190476,18.1983,24.6935,4431.5
"Rural","Lexus","SC",1,2007,427.03824,467.736842105263,16,23,3840
"Rural","Cadillac","Fleetwood Brougham",1,1985,422.01529,503.763305322129,16.5,23,NA
"Rural","GMC","Yukon",4,2007,415.98993,555.4375,14,19,5687
"Rural","Toyota","Matrix",2,2008,407.06329,317.798212005109,25.5,32,2679
"Rural","Land Rover","Range Rover Sport",1,2011,401.11237,613.62619047619,12.23845,17.63995,5598
"Rural","Plymouth","Breeze",1,1997,383.56037,357.769726247987,21,31.5,2909
"Rural","Saturn","S Series",2,2000,371.29679,329.148148148148,23,34,2396
"Rural","Audi","A6",5,2012,370.62902,317.392857142857,24.5044,32.5529,3863.5
"Rural","Audi","A4",2,2004,355.61606,386.391304347826,20,27,3494
"Rural","Chevrolet","Lumina",2,1994,349.74186,NA,NA,NA,NA
"Rural","Nissan","Altima",4,2010,345.25496,386.391304347826,20,27,3139.5
"Rural","GMC","Yukon XL",3,2005,339.03796,634.785714285714,13,17,5617
"Rural","Kia","Amanti",1,2005,313.9052,493.722222222222,15,23,4021
"Rural","Buick","Other",1,2009,307.50346,NA,NA,NA,NA
"Rural","Chrysler","LHS",1,1997,270.42747,467.736842105263,16,24,3527
"Rural","Chrysler","300M",1,2003,263.67727,NA,NA,NA,3503
"Rural","Chevrolet","Camaro",2,1992,261.53458,493.722222222222,15,24,3261
"Rural","Chevrolet","TrailBlazer",2,2006,238.35899,573.952083333333,14,19,4683.5
"Rural","Toyota","Yaris",1,2007,234.47878,282.198084677419,29,35.5,2289
"Rural","Hyundai","Genesis",1,2012,234.40706,444.35,16.978,25,4024
"Rural","Tesla","Model S",1,2013,227.31097,0,NA,NA,4647
"Rural","Ford","Other",3,2010,225.95496,NA,NA,NA,NA
"Rural","Chrysler","Pacifica",2,2018,220.66266,408.5,18.4977,27.9985,4330
"Rural","Dodge","Other",4,2014,214.09041,NA,NA,NA,NA
"Rural","Nissan","Sentra",3,2015,210.93922,286.5,27.93265,36.07225,2855
"Rural","Ford","Excursion",1,2002,207.22357,NA,NA,NA,7069
"Rural","Mazda","CX-5",3,2015,203.43554,321.75,25.227275,30.70835,3415
"Rural","Acura","MDX",3,2011,192.17349,493.722222222222,15.9536,20.7059,4550
"Rural","Nissan","Pathfinder",1,2018,190.91752,404,19.4394,26.3879,4433
"Rural","Mazda","Mazda6",2,2012,187.09018,370.291666666667,21.1786,29.6545,3329
"Rural","Chevrolet","Cavalier",1,2004,184.00029,342.314074074074,22,32,2712.5
"Rural","Saab","9-3",1,2009,175.45903,435.845693779904,17.5,26.5,NA
"Rural","Ford","Aerostar",1,1995,168.82586,508.243464052288,15,21,3646
"Rural","Honda","S2000",1,2000,168.82586,444.35,18,23,2809
"Rural","Volvo","S40",2,2010,166.90889,NA,NA,NA,NA
"Rural","Pontiac","Vibe",2,2005,166.51421,329.148148148148,25,31,2780
"Rural","Jeep","Patriot",1,2011,161.99288,374.63856884058,21.7278,26.69315,3214
"Rural","Isuzu","Trooper",1,2000,161.0181,592.466666666667,13.5,17,4455
"Rural","Lincoln","Town Car",2,1999,160.2228,NA,NA,NA,NA
"Rural","Chevrolet","Monte Carlo",2,1995,158.35372,NA,NA,NA,NA
"Rural","Audi","A3",1,2016,150.79911,328,23.4556,33.3421,3345.5
"Rural","Ford","Taurus",2,2002,142.51729,423.190476190476,18,25,3400
"Rural","Lexus","GS",2,2018,140.65812,283,29.3324,34.1708,3891
"Rural","Lexus","GS",2,2018,140.65812,388,19.8039,27.9986,3891
"Rural","Cadillac","Eldorado",2,1999,138.03836,493.722222222222,15,24,3859.5
"Rural","Nissan","Murano",2,2009,137.3523,444.35,18,23,3932
"Rural","GMC","Other",1,1993,136.76931,NA,NA,NA,NA
"Rural","Mercedes-Benz","GLA",1,2015,136.76931,NA,NA,NA,3428
"Rural","Toyota","Highlander",3,2014,129.95173,363.75,23.432825,26.433925,4398
"Rural","Kia","Spectra",2,2007,129.35515,341.807692307692,23,31,2701
"Rural","Ford","Econoline",2,2006,122.57481,NA,NA,NA,NA
"Rural","Lexus","GX",2,2010,122.12713,522.764705882353,15,20,5305
"Rural","Chevrolet","Caprice",1,1981,115.61848,NA,NA,NA,3363
"Rural","Chevrolet","Citation",1,1981,115.61848,NA,NA,NA,2404
"Rural","Lexus","ES",1,2012,115.61848,403.954545454545,19.0736,27.4208,3605
"Rural","Volvo","240",1,1990,115.61848,433.770238095238,18,24,2985
"Rural","Ford","Fiesta",1,2017,115.28924,289.5,27.18715,35.92005,2557.5
"Rural","BMW","X5",1,2016,111.54014,431,18.2424,24.34935,5040
"Rural","Buick","Encore",2,2014,110.76757,320,25,33,3249.5
"Rural","Mercury","Milan",1,2011,108.12011,356.04967948718,21.6093,30.1787,3413.5
"Rural","Volvo","XC90",2,2008,106.36341,NA,NA,NA,NA
"Rural","Ford","Crown Victoria",2,2009,106.31788,NA,NA,NA,NA
"Rural","Porsche","911",2,1992,106.0239,NA,NA,NA,NA
"Rural","Jeep","Wrangler Unlimited",2,2017,105.49806,503,15.8405,20.40205,4397
"Rural","Volkswagen","Passat",2,2008,104.52791,403.954545454545,19,28,3468
"Rural","Ford","Flex",2,2012,104.30283,NA,NA,NA,NA
"Rural","Mitsubishi","Mirage",2,2014,102.9889,235.5,34.70895,41.5724,1984.5
"Rural","Mazda","MX-5 Miata",2,2010,102.97322,NA,NA,NA,NA
"Rural","Toyota","Prius c",1,2012,100.56674,177.74,52.5351,46.2707,2500
"Rural","Saturn","Aura",1,2009,99.87183,393.078846153846,19.5,29.5,3588
"Rural","GMC","P3500",1,1997,91.88616,NA,NA,NA,NA
"Rural","Chrysler","PT Cruiser",1,2008,91.50291,413.572510822511,19.5,24.5,3152
"Rural","Ford","Econoline Wagon",1,2001,91.50291,NA,NA,NA,NA
"Rural","Chevrolet","Express",1,2007,91.21454,624.205952380952,12.75,16.5,5442.5
"Rural","Chevrolet","P30",1,1984,91.21454,NA,NA,NA,3283.5
"Rural","Dodge","Stratus",1,2006,86.08292,423.190476190476,19,25,3174
"Rural","Buick","Lucerne",1,2008,73.24837,493.722222222222,15,23,3792
"Rural","Acura","RL",1,1998,71.89144,467.736842105263,17,23,3667
"Rural","Chevrolet","Venture",1,1999,70.36053,493.722222222222,16,23,3745.5
"Rural","Mercury","Sable",1,2000,70.36053,444.35,17,26,3457.5
"Rural","Chevrolet","HHR",1,2008,69.01918,370.291666666667,21,29,3067
"Rural","Chevrolet","C3500",1,1996,66.94717,NA,NA,NA,NA
"Rural","Chevrolet","Silverado LD",2,2019,65.22723,513,15.12205,21.10855,5356
"Rural","Kia","Sorento",1,2011,63.03229,409.662598814229,19.7634,25.8327,3779.5
"Rural","Ford","Contour",1,1999,58.93077,404.790890269151,19,27,2921
"Rural","Subaru","Legacy",1,2006,55.36727,424.152272727273,18.5,25.5,3310
"Rural","Ford","Transit Wagon",1,2017,54.81747,NA,NA,NA,NA
"Rural","Ford","Five Hundred",1,2005,54.3587,450.753540100251,17.75,24.25,3729
"Rural","Ram","2500",1,2018,54.3587,NA,NA,NA,6879
"Rural","Chevrolet","K2500",1,1989,54.19469,634.785714285714,13,16,NA
"Rural","Pontiac","Fiero",1,1985,54.19469,411.608421052632,19,26.5,2525
"Rural","BMW","1 Series",1,2012,53.53101,413.572510822511,18.2541,27.3242,3505
"Rural","BMW","7 Series",1,2014,53.53101,460.5,16.5073,24.50795,4547.5
"Rural","Chevrolet","Captiva",1,2013,53.53101,456.5,17.1718,23.9267,3772
"Rural","Hyundai","Santa Fe",1,2015,53.53101,432,17.978,24.52405,4085
"Rural","Mercury","Villager",1,2002,53.53101,522.764705882353,15,21,4023.5
"Rural","Saab","900",1,1990,53.53101,423.190476190476,18,26,2861
"Rural","Subaru","XV Crosstrek",1,2015,53.53101,307.75,26.855925,32.345075,3175
"Rural","Honda","Ridgeline",1,2010,53.37647,522.764705882353,15,20,4528.5
"Rural","Pontiac","Aztek",1,2001,53.37647,456.043421052632,16.5,23.5,3779
"Rural","Pontiac","Firebird",1,1999,53.37647,444.35,17,26,3473.5
"Rural","Chevrolet","K1500",1,1998,53.2145,634.785714285714,12,17,NA
"Rural","Dodge",NA,1,2015,53.2145,NA,NA,NA,NA
"Rural","Lincoln","MKX",1,2007,53.2145,480.729532163743,16,22.5,4319.5
"Rural","Mercury","Mariner",1,2010,53.2145,395.172924901186,20.5,26.5,3458.5
"Rural","Toyota","Venza",1,2013,53.2145,400.5,19.583,25.9267,3907.5
"Rural","Acura","RDX",1,2013,53.14891,394,19.6944,27.25865,3785
"Rural","GMC","Canyon",1,2010,53.01195,474.882821637427,16.5,22,3694
"Rural","Lexus","LX",1,2004,53.01195,683.615384615385,12,16,5590
"Rural","Toyota","Land Cruiser",1,2002,53.01195,683.615384615385,12,15,5115
"Rural","BMW","5 Series",1,2011,52.79614,423.190476190476,18.1946,26.7006,4431
"Rural","Audi","Q5",1,2016,52.78687,395,19.6583,27.2277,4200
"Rural","Chevrolet","Malibu Maxx",1,2004,52.78687,403.954545454545,19,28,NA
"Rural","Jeep","Compass",1,2012,52.78687,374.63856884058,21.658225,26.4328,3203.5
"Rural","Subaru","Impreza",1,2018,52.78687,311.25,25.522325,33.5424,3112.5
"Rural","Volkswagen","Tiguan",1,2015,52.78687,393,20.5204,25.5684,3316
"Rural","Jeep","CJ7",1,1982,52.34915,NA,NA,NA,NA
"Rural","Toyota","Sequoia",1,2011,52.34915,592.466666666667,13.28635,18.25935,5952.5
"Rural","Chrysler","Other",1,2003,51.92018,NA,NA,NA,NA
"Rural","Dodge","Neon",1,2005,51.92018,355.48,22,29,2634
"Rural","Kia","Rondo",1,2007,51.90744,424.152272727273,18.5,25.5,3388
"Rural","Kia","Spectra5",1,2006,51.90744,NA,NA,NA,2701
"Rural","Buick","Verano",1,2017,51.8368,364,20.7463,30.9781,3300
"Rural","Dodge","Dakota",1,2011,51.8368,565.783884803922,13.99685,18.838275,4387
"Rural","Saturn","Astra",1,2008,51.8368,329.148148148148,24,31,2877
"Rural","Chevrolet","Astro",1,1999,51.80856,555.4375,14,18.5,4036.5
"Rural","Volvo","S80",1,2007,51.80856,474.233187134503,15.75,24.25,3663
"Rural","Chevrolet","Caprice Classic",1,1994,51.79807,NA,NA,NA,NA
"Rural","Volkswagen","Golf SportWagen",1,2016,51.64398,311.5,24.9253,34.3557,3025.5
"Rural","Infiniti","G37x",1,2010,51.61965,444.35,18,25,NA
"Rural","Toyota","Scion xB",1,2010,51.61962,370.291666666667,22,28,NA
"Rural","Pontiac","Solstice",1,2007,51.51983,423.190476190476,19,26,2860
"Rural","Toyota","Camry Solara",1,2007,51.51596,355.48,21,31,3440
"Rural","Saturn","Ion",1,2005,51.49445,370.291666666667,21,29,2793
"Rural","Acura","TL",1,2010,51.48661,433.770238095238,17.5,25.5,3841.5
"Rural","Fiat","500",1,2012,51.48661,292.083512931034,28.2655,34.9807,2396.5
"Rural","Mazda","Protege",1,2001,51.48661,356.04967948718,22.5,29,2634
"Rural","Nissan","Armada",1,2018,51.48661,571,13.702,18.6737,5822
"Rural","Honda","Accord Hybrid",1,2015,51.30275,188,48.5199,44.6276,NA
"Rural","Pontiac","Grand Am",1,2005,51.30275,389.335238095238,20,29,3078.5
"Rural","Jaguar","XJS",1,1991,49.07929,659.200549450549,11.5,16.5,4015
"Rural","Mercedes-Benz","G",1,2004,49.07929,NA,NA,NA,5481.5
"Rural","Porsche","Macan",1,2017,48.87369,399,20.2297,25.4121,4145
"Rural","BMW","X3",1,2007,48.77552,456.043421052632,16.5,24,4012
"Rural","Buick","Rainier",1,2007,48.77552,547.269301470588,13.75,19.75,4508.5
"Rural","Acura","NSX",1,2004,48.57364,493.722222222222,16,22,3153
"Rural","Lexus","Ot",1,2019,35.36885,NA,NA,NA,NA
"Rural","Toyota","FJ Cruiser",1,2010,0,487.990153078775,16.5,21,4295
NA,"Honda","Civic",9,2006,4198.09146,306.448275862069,26,34,2728
NA,"Chevrolet","Silverado",13,2010,3983.20052,493.722222222222,15,22,5719
NA,"Ford","F-150",12,2014,3677.09904,517,15.0944,20.6629,5459.5
NA,"Chevrolet","Malibu",9,2012,3231.06454,341.807692307692,21.824,32.4136,3436
NA,"Chevrolet","Impala",6,2012,2895.06613,403.954545454545,17.821,29.1471,3555
NA,"Chevrolet","Equinox",8,2015,2880.22845,364,21.3337,29.8192,3803
NA,"Chevrolet","Traverse",7,2014,2488.90585,470.5,16.3669,23.31,4758.5
NA,"Ford","Fusion",4,2012,2178.17192,378.341485507246,20.5973,28.3802,3359
NA,"Ford","Escape",10,2012,2089.09405,378.66347826087,20.94805,26.63775,3477
NA,"Dodge","Caliber",2,2008,1900.33558,370.291666666667,23,27,3156
NA,"Audi","A4",2,2004,1664.23102,386.391304347826,20,27,3494
NA,"Ram","1500",4,2015,1651.00439,451,16.9657,24.5951,5081
NA,"Hyundai","Elantra",4,2013,1629.9529,284,28,38,2661
NA,"Toyota","Corolla",4,2010,1535.36394,330.964137931034,24,32,2723
NA,"Toyota","Camry",5,2010,1500.46964,341.807692307692,22,32,3461
NA,"Chevrolet","Tahoe",3,2013,1477.49818,471.5,17.28195,22.00085,5567
NA,"GMC","Sierra",4,2006,1436.99154,555.4375,14,18,5594
NA,"Ford","Edge",5,2014,1410.63108,429,18.13225,25.469575,4257
NA,"Toyota","RAV4",9,2014,1392.46261,338,23.4563,30.2863,3550
NA,"Dodge","Durango",3,2015,1330.84768,491.5,15.599175,23.164875,5042
NA,"Oldsmobile","Alero",2,2000,1318.43264,386.391304347826,19,28,2990
NA,"Ford","Explorer",3,2013,1256.33638,460.5,16.8534,23.37495,4731
NA,"Dodge","Grand Caravan",5,2014,1234.13621,445,17.1523,24.89,4402
NA,"Honda","Accord",7,2011,1227.35396,341.807692307692,22.4814,32.4423,3309
NA,"Chevrolet","Camaro",3,1997,1205.46308,469.036111111111,16,25,3439.5
NA,"Kia","Optima",2,2010,1127.99048,NA,NA,NA,NA
NA,"Ford","Mustang",3,2001,1095.2372,493.722222222222,16,23,3310
NA,"Chrysler","Town & Country",4,2012,1008.91874,444.35,17.1523,24.89,4652
NA,"Pontiac","Bonneville",1,2003,997.67283,445.46365914787,16.5,26,3678
NA,"Mazda","CX-5",2,2016,973.43662,324,24.967925,31.277825,3415
NA,"Chevrolet","Cavalier",1,1999,962.53124,386.391304347826,20,28,2644
NA,"Chevrolet","Sonic",1,2013,962.53124,297.5,26.5124,35.2689,2745
NA,"Saturn","VUE",2,2005,954.62598,423.190476190476,19,25,3430
NA,"Jeep","Cherokee",1,2019,943.82518,415,18.989025,25.3277,3917.5
NA,"Honda","Pilot",4,2013,940.23097,440,17.5275,24.67325,4451.5
NA,"Ford","Focus",3,2009,938.77337,323.270502645503,24,34,2623
NA,"Dodge","Journey",1,2013,937.80434,450.5,17.036625,24.626275,4153
NA,"Honda","CR-V",4,2014,912.54316,351,22.4504,29.7534,3426
NA,"Chevrolet","Suburban",1,1999,892.76632,634.785714285714,12,17,5273
NA,"Ford","Crown Victoria",1,1995,892.76632,493.722222222222,15,23,3770.5
NA,"Jeep","Wrangler Unlimited",1,2010,892.76632,NA,NA,NA,4269
NA,"Honda","Odyssey",6,2012,890.83321,413.572510822511,18.4473,27.19545,4447.5
NA,"Toyota","4Runner",4,2005,874.69414,531.840482026144,15,18.75,4080
NA,"Kia","Soul",3,2014,864.66689,338,23.5971,29.5912,2879
NA,"Mazda","Mazda3",3,2011,821.40408,342.314074074074,22.8508,30.3297,3038
NA,"Jeep","Grand Cherokee",3,2009,820.32497,592.466666666667,14,19,4495
NA,"Buick","Park Avenue",1,2005,748.55407,433.770238095238,17.5,26.5,3831
NA,"Subaru","Forester",1,2003,748.55407,423.190476190476,19,24.5,3092.5
NA,"Buick","Regal",1,2011,686.54086,386.391304347826,19.2932,29.7178,3600
NA,"Toyota","Prius c",1,2013,675.81863,179,52.5341,46.2697,2500
NA,"Toyota","Sienna",3,2010,569.35768,480.729532163743,16.5,22,4412.5
NA,"Nissan","Altima",3,2012,561.18101,372.881118881119,21.5301,29.1113,3188.5
NA,"Volkswagen","Jetta",2,2009,546.15442,316.5,28.75,37.77,3229
NA,"Jeep","Patriot",1,2010,545.81046,379.717272727273,22,25.75,3209.5
NA,"Chevrolet","S10",1,1998,524.2796,480.729532163743,15.5,21,NA
NA,"Hyundai","Veracruz",1,2012,496.40436,480.729532163743,16.25405,21.6292,4348.5
NA,"Chevrolet","Corsica",1,2014,488.61102,NA,NA,NA,NA
NA,"Chrysler","Other",1,2007,488.61102,NA,NA,NA,NA
NA,"Chrysler","300",1,2008,488.59539,469.036111111111,16,23,3802
NA,"GMC","Terrain",1,2014,488.59539,403.75,18.961675,26.6596,4040
NA,"Chevrolet","Colorado",1,2005,476.05888,487.225877192982,16.25,22.25,3557
NA,"Chevrolet","Uplander",1,2007,476.05888,467.736842105263,16,23,4470
NA,"Dodge","Caravan",1,2001,476.05888,500.982843137255,15.5,21.5,3887
NA,"Dodge","W150 Pickup",1,1985,476.05888,807.909090909091,10,13,NA
NA,"Honda","Other",1,2007,476.05888,NA,NA,NA,NA
NA,"Nissan","Pathfinder",4,2014,460.91091,369,22.2712,26.58925,4206
NA,"Toyota","Highlander",2,2016,460.11738,365.75,23.3406,26.237075,4431
NA,"Toyota","Prius",1,2007,458.71237,193.195652173913,48,45,2932
NA,"Toyota","Sequoia",1,2007,458.71237,592.466666666667,13.5,17,5220
NA,"Oldsmobile","Bravada",1,2003,450.63716,573.952083333333,13.5,19.5,4628
NA,"Buick","Enclave",1,2012,445.99823,480.729532163743,16.3293,22.78735,4780
NA,"Chevrolet","Other",1,2012,407.5764,NA,NA,NA,NA
NA,"Jeep","Wrangler",2,2014,403.17084,492,16.234925,20.8397,3967
NA,"Hyundai","Santa Fe",2,2009,363.02082,456.043421052632,17,23.5,3907.5
NA,"Subaru","Outback",3,2014,338.14757,368,21.7375,28.0955,3429
NA,"Kia","Sorento",2,2016,318.76318,418,19.1743,25.4128,3968
NA,"Buick","LeSabre",2,2000,318.51375,444.35,17,27,3579
NA,"Dodge","Challenger",2,2014,259.58212,NA,NA,NA,NA
NA,"Audi","A5",1,2013,258.42156,374,20.4059,29.8271,3682
NA,"Ram","2500",2,2016,258.38673,NA,NA,NA,6802
NA,"Volkswagen","Beetle",1,2016,246.21902,328,24.06395,31.8579,2981
NA,"Volkswagen","Tiguan",1,2014,246.21902,405,19.3346,25.91505,3316
NA,"Lexus","RX",1,2002,246.12723,493.722222222222,17,21,3819.5
NA,"Subaru","Legacy",1,2016,246.12723,344.5,22.81315,31.71545,3476.5
NA,"Toyota","Avalon",1,2011,246.12723,386.391304347826,19.5853,28.5101,3572
NA,"Kia","Sportage",2,2014,245.65733,398.25,19.770875,25.961125,3429.5
NA,"Mazda","Mazda6",2,2008,242.80304,407.320833333333,19.5,26.5,3256
NA,"Hyundai","Sonata Hybrid",1,2014,240.99461,242,35.386,38.37,NA
NA,"Ford","F-350",4,2013,237.45117,NA,NA,NA,NA
NA,"GMC","Yukon",1,1995,219.79274,740.583333333333,11,14.5,NA
NA,"Nissan","Sentra",1,2002,217.31221,386.391304347826,21,27,2509
NA,"Mazda","Mazda5",1,2012,216.23173,370.291666666667,21.3468,28.02965,3437
NA,"Toyota","Tundra",1,2005,216.23173,573.952083333333,13.5,18,4735
NA,"Chevrolet","Avalanche",1,2005,207.0439,613.62619047619,13,17.5,5678
NA,"Chrysler","Pacifica",2,2011,186.15943,NA,NA,NA,NA
NA,"GMC","Acadia",1,2012,185.83152,467.736842105263,16.3293,23.1108,4857
NA,"BMW","3 Series",1,2009,176.82819,444.35,17,26,3638
NA,"Chevrolet","Cruze",1,2018,164.80442,275,29.85205,43.6303,2892
NA,"Ford","F-250",1,2003,157.33547,NA,NA,NA,5863.5
NA,"Lincoln","Navigator",1,2008,156.49699,634.785714285714,12,18,6070
NA,"Volkswagen","Atlas",1,2018,156.49699,406.5,19.63975,25.5079,4403
NA,"Dodge","Dakota",1,1999,151.37405,614.948660714286,12.75,17.25,3735
NA,"Nissan","Murano CrossCabriolet",1,2011,151.37405,467.736842105263,16.8538,21.9805,NA
NA,"Nissan","Rogue",1,2014,136.82571,344,23.69985,29.31935,3427.5
NA,"Saturn","Ion",1,2006,132.58058,370.291666666667,21,29,2812
NA,"Buick","LaCrosse",1,2015,111.39336,420.5,17.9124,27.78015,4003.5
NA,"Chevrolet","TrailBlazer EXT",1,2003,98.72101,NA,NA,NA,NA
NA,"Chrysler","Sebring",1,2005,98.72101,423.190476190476,18,26,3274.5
NA,"GMC","Canyon",1,2016,98.72101,447,18.5595,24.431,4135
NA,"Ford","Five Hundred",1,2005,98.15286,450.753540100251,17.75,24.25,3729
NA,"Honda","Ridgeline",1,2008,97.76266,522.764705882353,15,20,4506.5
NA,"Dodge","Avenger",1,2009,89.13622,403.954545454545,19,27,3405
NA,"Kia","Forte",1,2014,81.73855,316,24.2273,34.75705,2912
NA,"Mercury","Monterey",1,2004,81.73855,522.764705882353,15,21,4434
NA,"Hyundai","Sonata",1,2016,78.85371,307,25.178,36.4251,3528.5
NA,"Acura","RL",1,2005,53.05394,467.736842105263,16,24,3984
NA,"Chrysler","200",1,2016,53.05394,326,22.962,36,3795
NA,"Cadillac","DTS",1,2010,52.5572,493.722222222222,15,22.5,4009
NA,"MINI","Cooper",1,2018,51.8368,327,24.07085,32.276375,3267
NA,"Nissan","350Z",1,2004,51.30275,NA,NA,NA,3182
NA,"Toyota","Venza",1,2015,51.30275,402.5,19.583,25.9267,3907.5
NA,"BMW","X5",1,2014,51.23432,414,18.5782,26.7084,4860
NA,"Buick","Encore",1,2013,51.23432,320,25,33,3249.5
NA,"Cadillac","SRX",1,2013,51.23432,472,16.2549,23.18495,4359.5
NA,"Kia","Rio",1,2011,51.23432,296.233333333333,27.32605,34.00655,2401.5
NA,"Lexus","GS",1,2013,51.23432,393,19.4325,28.2234,3980
NA,"Toyota","Camry Solara",1,2008,51.23432,355.48,21,31,3440
NA,"Volkswagen","GTI",1,2015,51.23432,315,24.77645,33.45375,3020
NA,"Jeep","Liberty",1,2008,51.08282,494.486498108015,15.75,21.75,4168
NA,"Jeep","Other",1,2015,51.08282,NA,NA,NA,NA
NA,"Hyundai","Tucson",1,2017,49.91814,335.5,24.47105,30.081175,3532
NA,"Nissan","Maxima",1,2003,49.91814,433.770238095238,18,25,3121
NA,"Acura","RDX",1,2016,0,394,19.32905,27.7409,3902
